,AA,AC,AG,AT,CA,CC,CG,CT,GA,GC,GG,GT,TA,TC,TG,TT,%GC
TbraPV2,640,445,657,552,560,394,124,568,591,404,522,419,503,403,633,677
TbraPV3,716,434,652,605,554,342,94,543,623,398,459,394,515,359,668,680
LcamPV1,654,386,429,468,436,256,75,397,466,216,270,335,382,306,512,391
MaegPV1,658,346,461,530,378,235,89,378,516,205,291,305,442,294,477,480
MaegPV2,723,309,444,463,435,264,37,373,463,225,296,293,319,310,500,441
RnPV4,550,446,559,476,507,351,200,486,544,376,519,432,429,371,594,529
AaPV1,621,470,574,494,585,432,265,532,542,519,539,447,411,393,668,602
AchePV1,601,450,587,493,509,380,149,505,595,345,536,399,425,369,603,577
AgPV1,313,496,469,356,590,800,442,450,389,728,739,434,342,258,640,275
AmPV1,703,432,624,494,576,359,127,493,480,458,430,417,494,306,604,678
AmPV2,671,472,541,452,536,322,231,476,426,516,469,478,502,255,649,585
AmPV3,362,517,512,305,500,675,556,505,523,701,745,419,311,343,575,336
AmPV4,878,418,626,664,532,261,134,449,553,339,379,434,623,358,566,781
AplaPV1,378,527,558,413,509,607,386,541,544,571,714,421,444,338,592,343
AsPV1,604,450,586,497,533,377,158,503,559,366,507,431,442,378,612,585
BPV1,721,482,577,490,585,388,185,557,504,480,490,412,460,365,633,616
BPV2,702,475,584,491,587,387,174,563,507,506,511,399,456,343,653,598
BPV3,682,443,558,517,545,338,147,438,504,398,409,358,468,289,555,626
BPV4,725,419,560,541,553,308,141,397,498,390,383,380,468,283,567,651
BPV5,736,428,615,536,553,361,162,502,525,464,488,409,500,325,621,614
BPV6,698,440,535,479,544,344,167,440,485,407,394,393,425,304,583,657
BPV7,654,418,597,459,538,367,161,463,550,430,461,404,386,314,626,583
BPV8,673,455,623,464,603,406,194,486,508,484,490,432,430,345,607,590
BPV9,616,434,524,507,547,358,184,439,491,401,432,402,427,335,586,619
BPV10,698,416,591,498,545,340,139,463,527,413,422,372,433,318,581,642
BPV11,696,400,558,545,534,310,143,401,497,380,403,386,473,298,562,665
BPV12,718,420,522,528,487,320,145,446,506,354,367,369,477,304,562,671
BPV13,723,457,600,493,574,379,168,559,502,503,495,413,474,341,649,630
BPV14,765,483,614,538,603,341,165,512,515,445,453,418,517,352,599,645
BPV15,704,393,566,517,521,302,134,416,520,365,418,378,435,313,563,643
BPV16,639,486,570,548,584,351,171,430,549,411,472,380,470,288,600,577
BPV17,727,404,578,513,494,319,128,484,529,375,424,384,471,327,582,662
BPV18,750,439,542,544,492,305,117,453,539,321,412,374,493,302,576,622
BPV19,700,406,572,503,463,323,132,450,557,363,433,376,460,276,593,645
BPV20,660,425,582,473,544,370,146,455,509,403,422,394,427,317,578,571
BPV21,706,386,535,557,455,306,136,461,549,357,387,337,473,310,572,621
BPV22,707,443,581,535,549,374,154,431,555,387,461,394,455,304,601,548
BPV23,727,412,554,534,557,321,136,395,507,387,425,370,435,289,574,658
BPV24,742,425,530,537,547,316,131,411,486,372,380,368,458,292,565,695
BPV25,704,448,592,509,590,382,184,468,497,472,475,417,461,322,610,638
BPV26,696,401,544,533,527,303,160,425,488,405,406,386,463,306,575,642
BPV27,810,447,523,561,520,323,117,423,517,333,399,361,494,280,571,709
BcosPV1,695,414,509,639,430,278,226,318,500,313,372,432,633,247,510,609
BgPV1,716,468,594,508,568,349,181,546,504,466,498,414,498,361,608,666
BpPV1,671,460,577,550,508,476,133,438,554,292,559,460,525,327,596,610
CPV1,852,489,668,622,645,363,161,505,559,425,447,473,574,397,629,797
CPV2,665,491,596,492,593,473,210,492,549,408,552,458,437,396,609,679
CPV3,466,508,547,407,568,514,352,466,526,507,621,461,369,370,595,523
CPV4,428,537,510,403,554,565,370,453,548,501,695,442,349,338,611,437
CPV5,524,518,574,431,573,503,273,511,544,466,597,421,406,373,583,512
CPV6,899,457,646,601,577,350,135,504,552,397,385,415,576,362,583,802
CPV7,638,491,602,472,615,408,177,518,562,438,567,413,389,381,633,650
CPV8,482,490,550,422,579,523,311,464,534,513,640,423,348,351,610,543
CPV9,489,517,525,443,574,557,311,478,526,479,631,462,386,366,631,497
CPV10,496,492,580,406,567,538,307,463,550,494,625,444,362,351,601,497
CPV11,478,513,538,460,578,558,316,471,546,480,622,440,388,372,612,454
CPV12,462,512,548,417,566,560,322,500,525,508,653,452,385,368,615,496
CPV13,632,515,610,446,620,480,185,516,578,435,585,482,374,370,700,699
CPV14,436,500,568,389,568,560,368,482,562,557,651,420,327,361,604,472
CPV15,478,480,543,406,553,595,364,449,556,508,639,450,319,378,608,449
CPV16,498,532,561,424,595,509,300,469,539,458,616,458,383,374,594,485
CPV17,656,488,614,457,604,464,173,490,557,420,520,476,397,360,666,664
CPV18,467,510,555,424,574,520,320,475,533,479,613,473,383,379,610,494
CPV19,636,482,614,470,580,442,172,518,565,430,572,414,420,359,623,643
CPV20,452,518,525,412,548,548,338,508,525,504,671,453,382,372,619,463
CPV21,626,513,637,513,640,440,200,487,605,456,572,447,417,359,671,641
CPV22,680,524,616,478,656,483,180,526,565,452,580,460,396,387,681,635
CPV23,591,516,596,454,626,513,199,514,563,456,591,479,376,368,703,594
CcPV1,579,412,422,477,500,444,287,402,425,409,436,406,386,368,531,535
CcaPV1,600,476,576,487,605,409,210,553,539,470,544,470,395,422,692,583
CcanPV1,564,439,536,552,551,340,220,487,535,397,428,411,441,422,587,522
CcrPV1,901,446,588,702,533,306,136,515,558,336,376,443,646,401,613,843
CdPV1,671,470,533,491,541,379,232,466,488,455,478,477,464,314,656,563
CdPV2,697,492,562,474,605,425,249,465,499,506,514,468,423,322,662,542
CePV1,701,453,599,534,568,387,187,526,581,416,534,439,437,412,650,657
CePV2,676,408,598,523,526,367,112,456,563,366,435,372,441,320,590,655
CgPV1,478,512,520,436,647,591,292,474,417,597,606,555,404,304,757,467
CgPV2,599,482,557,511,595,412,290,382,481,485,538,439,474,300,558,582
ChPV1,650,436,569,502,529,385,208,468,473,416,466,419,505,353,531,631
CmPV1,562,393,424,482,524,428,282,387,398,471,413,378,376,329,541,564
DdPV1,706,439,565,585,577,361,120,458,487,385,406,510,525,331,697,699
EaPV1,497,448,545,404,509,467,288,516,486,526,556,395,402,339,574,514
EaPV2,396,459,508,385,512,583,376,515,475,581,707,418,364,363,591,392
EcPV1,447,414,535,406,485,563,312,490,500,538,713,429,371,335,619,452
EcPV2,402,433,556,302,574,570,374,522,501,661,726,450,217,375,682,457
EcPV3,528,468,561,388,547,419,322,480,479,564,606,439,392,316,599,473
EcPV4,444,411,574,305,553,525,383,490,495,662,652,385,242,353,585,494
EcPV5,504,428,558,402,516,427,287,514,470,540,616,403,403,349,567,534
EcPV6,490,456,555,393,511,494,346,463,502,559,596,405,391,305,565,519
EcPV7,482,437,555,373,548,514,303,493,503,596,632,407,313,311,649,502
EcPV8,478,519,596,280,587,654,473,491,473,714,680,465,335,318,583,508
EcPV9,439,449,542,367,575,551,280,497,458,577,660,452,324,325,667,488
EdPV1,562,469,533,546,536,355,216,455,508,397,439,421,504,341,577,568
EdPV2,815,532,663,691,591,327,198,534,579,406,513,490,717,385,613,754
EePV1,799,461,632,615,529,364,144,542,590,382,465,434,590,372,629,707
EhPV1,719,504,611,591,581,352,177,445,594,386,396,418,531,313,610,662
EhPV2,485,523,557,481,582,514,297,514,573,542,609,418,407,328,678,450
EhPV3,503,497,644,496,607,484,242,502,589,520,579,442,441,334,665,445
ElPV1,781,476,607,569,580,383,160,494,507,424,484,479,565,334,642,708
EsPV1,583,397,645,511,562,382,120,519,591,409,530,393,399,395,628,603
EsPV2,511,454,625,414,555,415,162,522,545,457,617,420,392,328,635,521
EsPV3,582,412,637,533,562,368,126,491,594,402,503,417,425,365,651,642
FarcPV1,314,544,464,426,503,657,509,445,493,575,711,452,437,339,547,284
FcPV1,537,438,562,501,474,428,254,549,541,444,561,437,486,395,606,515
FcaPV1,713,481,643,484,609,453,211,534,545,463,536,476,454,411,630,656
FcaPV2,411,500,497,426,526,524,425,459,514,563,693,486,384,347,640,503
FcaPV3,580,401,607,475,556,409,164,453,549,408,577,422,376,364,609,630
FcaPV4,567,413,557,433,546,427,188,491,507,466,665,427,349,346,656,575
FcaPV5,614,438,581,465,534,338,181,453,567,389,586,465,382,341,660,605
FgPV1,650,547,537,510,569,466,367,462,531,458,577,481,493,393,567,523
FlPV1,385,496,465,439,458,550,483,446,500,522,571,439,442,369,513,419
GcPV1,606,456,566,370,582,418,245,540,483,555,538,470,327,356,696,479
HPV1,745,446,587,617,553,340,152,436,517,342,374,436,580,353,555,782
HPV2,467,490,535,518,593,479,253,463,475,463,551,527,474,356,677,538
HPV3,588,528,502,553,596,383,230,428,451,432,501,539,536,294,690,568
HPV4,756,404,554,649,489,266,128,407,546,292,328,377,572,328,532,724
HPV5,722,456,571,625,599,356,187,402,512,352,463,413,540,380,519,648
HPV6,726,565,452,714,630,367,160,375,390,361,437,535,712,239,673,659
HPV7,729,499,511,718,613,300,165,373,405,381,376,560,711,271,670,744
HPV8,685,491,556,581,612,341,174,424,506,368,442,421,509,351,565,627
HPV9,727,473,571,591,551,311,147,384,524,323,396,411,561,285,540,638
HPV10,542,527,513,586,605,402,230,414,469,439,545,528,553,283,693,589
HPV11,687,569,469,680,620,373,155,371,396,343,432,565,703,233,680,654
HPV12,719,477,579,600,603,338,175,414,520,364,422,408,533,352,538,630
HPV13,759,537,462,694,608,322,137,413,382,345,398,503,703,276,630,710
HPV14,731,453,593,636,595,311,157,415,523,347,395,425,563,367,545,656
HPV15,732,452,576,614,528,271,152,369,527,319,355,411,587,278,529,712
HPV16,794,570,453,780,610,281,112,374,385,291,333,503,808,235,614,762
HPV17,695,436,589,608,551,292,161,361,528,341,381,420,555,295,539,673
HPV18,675,539,452,699,597,347,172,374,390,363,408,525,702,242,654,717
HPV19,744,470,576,634,591,290,164,414,495,362,392,414,594,338,530,676
HPV20,728,451,614,637,617,323,161,409,522,371,400,405,564,365,523,666
HPV21,726,449,601,649,588,336,182,412,530,354,375,421,581,379,522,673
HPV22,714,428,541,631,496,313,160,383,520,316,366,412,585,294,547,661
HPV23,723,422,558,628,508,296,152,371,521,322,349,400,578,288,533,674
HPV24,736,452,576,621,554,291,133,374,505,318,384,421,590,291,535,670
HPV25,698,463,549,647,624,329,191,385,495,375,419,410,540,362,540,685
HPV26,755,535,444,743,584,353,146,366,365,327,366,525,773,234,627,711
HPV27,475,496,525,507,588,485,256,455,475,468,569,516,465,336,678,536
HPV28,574,531,491,564,593,403,234,447,467,444,539,544,527,299,730,571
HPV29,580,527,511,559,600,414,226,425,446,436,510,563,551,288,708,571
HPV30,711,559,453,673,629,352,155,368,365,362,397,543,691,231,662,700
HPV31,784,537,450,757,589,279,122,374,373,299,347,553,782,249,653,763
HPV32,714,534,468,673,607,358,172,396,397,364,421,547,672,277,668,692
HPV33,809,533,457,744,583,291,115,365,394,298,314,531,758,232,650,834
HPV34,738,538,456,742,602,284,122,331,386,303,382,543,748,214,654,679
HPV35,788,547,471,764,593,266,117,363,397,294,351,528,792,231,631,745
HPV36,717,453,563,604,569,333,188,407,521,352,451,448,530,359,570,656
HPV37,722,437,584,602,524,290,162,366,541,327,391,407,557,289,529,692
HPV38,715,409,544,636,524,312,156,391,514,328,386,397,552,333,539,663
HPV39,693,570,435,727,609,338,157,381,389,328,424,519,735,248,644,635
HPV40,601,533,478,629,619,394,196,394,394,414,494,558,628,262,692,622
HPV41,555,490,509,546,562,397,262,444,515,450,523,420,468,328,614,530
HPV42,714,556,448,715,627,331,142,378,376,331,420,520,716,259,637,746
HPV43,699,512,496,705,590,339,152,393,418,367,416,541,706,255,678,707
HPV44,703,554,444,682,623,383,152,387,372,361,429,515,685,247,653,642
HPV45,700,526,455,728,582,357,154,369,371,342,396,543,755,237,647,695
HPV47,702,493,588,586,625,315,159,418,512,346,453,416,529,363,527,693
HPV48,737,391,528,630,429,224,114,395,516,255,286,390,604,293,519,788
HPV49,711,460,575,619,552,321,152,411,513,334,416,409,590,320,529,647
HPV50,761,402,508,662,460,243,108,394,506,280,274,381,606,280,551,767
HPV51,722,523,438,721,600,321,145,364,365,343,391,522,716,243,647,746
HPV52,791,547,479,722,610,333,133,373,383,317,383,538,756,252,626,698
HPV53,706,525,462,702,594,358,144,392,375,345,400,546,720,260,659,670
HPV54,645,533,478,670,603,395,142,390,372,381,452,513,706,221,646,611
HPV56,788,520,478,742,579,288,130,340,398,313,374,554,763,216,656,705
HPV57,459,493,508,512,601,522,289,455,468,499,587,515,445,353,685,469
HPV58,765,532,454,735,588,296,133,371,397,318,351,510,737,241,638,757
HPV59,783,543,479,695,595,334,140,376,410,324,343,528,712,244,643,746
HPV60,811,418,520,682,467,260,131,382,529,264,303,366,624,299,508,748
HPV61,543,532,471,566,614,475,206,431,399,464,556,554,557,255,740,625
HPV62,581,547,470,583,596,497,213,435,389,472,563,561,615,225,739,605
HPV63,675,408,523,633,502,284,149,424,500,317,363,432,562,350,576,649
HPV65,719,374,568,619,476,283,122,425,543,302,348,382,541,347,537,721
HPV66,749,510,463,749,573,303,130,349,382,316,415,540,767,226,644,707
HPV67,776,532,446,709,589,348,132,372,379,317,349,516,720,244,634,737
HPV68,704,585,429,705,601,331,164,369,380,330,407,556,738,219,673,630
HPV69,742,532,450,692,579,312,136,372,376,315,372,523,720,239,628,711
HPV70,682,560,470,712,622,342,155,376,373,359,425,536,748,233,643,668
HPV71,596,536,497,599,606,430,201,414,388,450,505,572,638,236,712,656
HPV72,564,522,490,560,609,444,207,445,400,456,526,561,562,283,720,639
HPV73,824,546,459,740,572,264,108,325,383,257,335,547,790,202,620,727
HPV74,699,544,454,664,612,383,155,425,346,375,420,518,704,273,630,684
HPV75,721,453,553,632,567,314,159,375,529,326,438,407,541,323,550,648
HPV76,699,445,585,630,568,348,151,373,530,328,429,416,562,319,538,627
HPV77,549,531,493,553,582,417,230,435,465,429,523,547,530,287,718,597
HPV78,548,534,504,563,605,403,225,390,463,407,514,553,534,279,694,613
HPV80,712,445,590,618,535,284,142,368,534,324,368,400,584,276,526,720
HPV81,597,526,482,601,597,453,184,436,380,460,546,557,632,231,731,656
HPV82,711,549,425,691,613,362,153,378,360,365,411,521,692,230,668,740
HPV83,556,536,502,597,599,487,215,442,391,459,544,580,644,261,713,577
HPV84,565,498,468,568,581,502,222,424,364,465,575,557,588,265,696,609
HPV85,733,546,454,768,579,307,129,376,401,299,347,511,789,238,628,706
HPV86,556,506,496,597,600,484,202,426,391,449,559,554,607,274,696,585
HPV87,573,525,487,597,592,474,190,434,385,430,553,559,633,260,697,609
HPV88,733,381,511,630,460,324,144,441,520,316,354,379,541,348,561,682
HPV89,529,557,466,610,608,511,211,446,381,470,557,543,644,238,717,589
HPV90,550,541,477,562,614,503,216,461,395,469,545,545,570,282,716,586
HPV91,728,516,521,685,621,327,155,360,399,386,405,553,701,234,662,712
HPV92,763,423,600,619,520,282,134,368,546,317,421,393,576,282,523,693
HPV93,781,421,570,637,544,288,125,361,518,301,387,409,567,307,533,700
HPV94,556,491,505,572,594,406,239,422,476,462,513,532,499,302,726,585
HPV95,747,393,551,643,494,288,121,405,549,282,358,372,543,345,531,714
HPV96,743,419,599,596,511,291,139,375,552,299,425,406,551,307,519,705
HPV97,768,535,453,739,571,295,139,374,374,304,337,541,781,245,628,758
HPV98,697,411,565,635,545,329,180,337,499,338,416,449,567,312,541,644
HPV99,730,469,547,597,605,324,191,403,514,364,432,423,494,366,564,674
HPV100,728,425,551,635,507,297,151,370,504,313,381,417,601,289,532,678
HPV101,600,435,453,600,505,358,165,410,401,374,483,433,581,271,590,599
HPV102,595,549,496,588,631,457,201,419,403,453,530,564,598,249,723,621
HPV103,646,450,496,594,514,311,139,414,419,350,435,437,607,267,571,612
HPV104,732,398,591,630,523,263,123,409,518,317,376,391,578,340,511,685
HPV105,700,458,560,589,597,358,187,412,507,368,447,420,502,370,548,643
HPV106,547,557,483,573,637,485,231,429,407,493,571,514,569,247,700,591
HPV107,749,452,575,609,559,326,162,384,517,356,399,403,561,297,538,674
HPV108,619,437,459,564,494,343,163,395,398,348,444,462,567,267,586,603
HPV109,747,399,531,646,496,269,111,400,502,299,320,415,577,309,575,749
HPV110,723,422,572,625,522,263,150,393,510,348,367,416,586,295,552,678
HPV111,714,449,560,618,534,306,145,391,502,322,362,407,590,299,526,660
HPV112,786,424,487,653,506,261,142,368,480,293,282,379,578,299,523,765
HPV113,721,447,555,617,544,296,142,416,503,337,362,390,573,318,533,657
HPV114,568,504,479,614,586,479,204,439,399,450,553,555,612,275,721,631
HPV115,706,475,567,609,568,317,159,357,518,311,461,422,565,298,525,617
HPV116,700,407,506,637,470,257,130,372,500,270,341,426,579,295,561,732
HPV117,550,535,513,570,581,390,238,428,478,428,539,544,560,284,699,557
HPV118,732,442,552,652,554,339,164,386,507,356,379,418,586,306,565,658
HPV119,813,423,507,610,467,260,134,399,471,281,291,417,601,296,529,751
HPV120,752,417,532,650,501,288,168,356,524,318,350,399,573,291,541,643
HPV121,796,423,520,650,495,265,97,400,490,273,347,403,607,296,550,729
HPV122,711,441,566,616,550,280,156,375,507,328,378,419,566,312,532,659
HPV123,738,387,540,643,494,258,107,413,488,300,352,408,588,327,549,736
HPV124,721,450,537,644,536,318,157,391,496,312,377,424,599,322,538,666
HPV125,571,522,494,547,621,420,229,411,462,441,512,527,479,298,707,567
HPV126,749,403,520,672,485,265,149,387,512,290,308,391,599,328,523,744
HPV127,786,389,511,647,452,251,113,382,499,268,295,395,596,290,538,768
HPV128,858,389,481,660,466,246,108,378,474,257,278,405,589,306,547,816
HPV129,757,434,521,634,492,248,113,375,492,268,287,417,605,278,543,754
HPV130,839,401,556,643,475,241,95,396,519,282,322,402,605,284,552,775
HPV131,768,369,508,665,449,229,100,398,491,271,313,408,601,307,563,741
HPV132,725,396,509,660,462,257,120,365,500,283,331,384,602,268,539,723
HPV133,794,404,538,657,483,242,86,416,503,276,314,410,612,306,565,751
HPV134,761,407,581,626,479,245,86,417,520,280,341,420,614,295,553,683
HPV135,808,425,518,662,498,240,105,386,505,256,305,392,602,308,530,752
HPV136,724,406,528,665,491,284,149,385,519,303,291,396,588,316,542,731
HPV137,802,415,503,630,457,255,124,415,492,286,300,389,598,295,541,733
HPV138,721,422,519,643,493,272,129,424,494,303,323,429,597,321,578,684
HPV139,761,406,531,631,492,280,134,416,507,314,318,402,569,322,558,718
HPV140,690,432,524,621,475,301,158,406,529,301,336,409,572,307,557,722
HPV141,745,409,507,685,479,282,123,401,520,265,319,396,601,329,552,770
HPV142,818,412,540,669,486,258,96,391,516,266,315,398,618,296,543,749
HPV143,708,475,569,600,605,315,200,409,523,378,476,409,516,361,541,629
HPV144,728,424,516,661,485,246,132,397,493,301,324,401,622,289,548,703
HPV145,700,453,582,612,561,310,141,352,510,320,384,413,576,281,520,659
HPV146,823,403,503,682,476,238,108,387,488,263,282,379,623,306,519,784
HPV147,757,413,500,641,495,253,129,396,475,291,288,405,583,316,543,738
HPV148,758,416,492,657,478,241,132,377,481,295,285,392,607,276,544,732
HPV149,763,397,530,637,487,259,121,429,487,307,318,408,590,333,551,715
HPV150,754,410,593,620,498,271,136,392,538,316,410,391,587,300,516,703
HPV151,725,418,545,655,514,299,157,362,527,308,357,415,578,306,548,671
HPV152,708,445,552,638,557,318,159,380,494,331,383,411,584,320,525,674
HPV153,763,417,502,672,488,250,124,385,485,267,304,391,617,313,518,743
HPV154,763,415,494,667,498,291,133,382,498,262,313,386,579,336,520,748
HPV155,788,412,548,641,509,245,108,390,508,279,327,420,584,316,551,725
HPV156,829,405,542,664,490,248,99,367,526,236,272,412,595,315,533,794
HPV157,781,436,490,638,484,233,141,364,497,282,292,398,582,272,546,717
HPV158,765,416,517,612,454,247,140,385,513,280,315,411,577,283,548,728
HPV159,716,456,561,611,533,302,158,403,501,329,371,429,594,309,540,629
HPV160,536,521,486,548,602,431,244,433,465,450,516,519,487,308,704,528
HPV161,763,388,531,653,474,270,111,381,507,278,301,409,592,300,551,728
HPV162,776,394,532,633,446,254,124,389,522,266,311,410,592,299,542,723
HPV163,773,435,516,639,470,250,123,395,503,255,309,422,618,298,541,685
HPV164,787,433,513,630,475,267,145,385,489,298,293,393,613,274,522,715
HPV165,732,456,496,610,487,252,137,374,494,263,301,404,582,279,528,733
HPV166,762,400,515,632,472,257,127,367,509,277,338,414,567,288,558,728
HPV167,812,383,537,670,454,227,98,383,515,266,282,365,620,286,511,818
HPV168,810,406,523,648,495,255,138,341,470,285,285,408,613,283,502,741
HPV169,772,400,515,647,445,268,126,426,497,280,294,397,621,317,532,714
HPV170,763,421,550,650,507,245,109,416,503,296,330,402,612,315,542,755
HPV171,785,408,519,665,440,269,129,415,507,268,262,391,646,308,516,730
HPV172,772,460,492,642,478,264,133,411,510,244,280,398,606,317,529,664
HPV173,830,419,514,668,481,267,117,379,497,260,279,396,623,298,522,746
HPV174,729,434,583,617,523,306,147,369,523,318,378,397,588,287,508,651
HPV175,721,399,516,650,479,297,128,382,492,292,332,406,593,298,546,692
HPV176,796,419,507,644,499,245,113,388,472,269,290,399,598,312,521,753
HPV177,754,555,446,726,593,329,118,418,360,305,381,542,775,268,643,719
HPV178,792,405,513,658,487,261,143,379,494,297,308,421,594,307,557,697
HPV179,774,406,516,697,501,243,119,365,498,277,286,368,619,302,509,747
HPV180,833,409,528,678,467,242,82,407,517,252,322,385,630,295,545,763
HPV181,794,422,505,629,478,269,106,415,480,278,304,401,598,299,548,713
HPV182,726,456,598,619,527,298,141,367,543,313,363,405,604,265,522,668
HPV183,788,433,519,650,502,256,122,368,506,264,322,433,594,295,563,670
HPV184,812,410,487,658,436,259,123,405,516,253,301,408,602,302,567,784
HPV185,753,424,611,592,521,296,144,366,548,328,409,409,559,278,530,675
HPV186,723,420,523,651,507,283,122,429,506,321,325,399,581,317,581,700
HPV187,728,445,489,623,495,254,138,412,486,273,346,423,575,327,556,697
HPV188,745,377,516,649,473,280,109,389,502,293,284,388,568,301,557,753
HPV189,788,425,534,635,472,244,117,413,513,277,296,406,609,300,545,743
HPV190,712,443,531,624,512,262,161,392,498,310,350,407,588,312,523,649
HPV191,783,391,546,671,490,267,89,390,521,274,324,397,597,304,557,762
HPV192,786,415,508,710,494,238,104,372,518,247,277,368,621,308,522,755
HPV193,787,402,545,639,515,259,111,398,509,299,315,414,562,323,566,703
HPV194,744,466,522,628,522,257,112,391,496,257,315,422,599,302,541,685
HPV195,724,448,585,638,566,326,153,390,515,329,395,415,590,332,521,641
HPV196,734,440,564,663,550,318,154,362,504,323,375,412,613,303,521,663
HPV197,746,439,504,635,516,270,150,381,504,325,341,385,557,283,561,680
HPV199,775,404,502,654,454,243,112,388,485,279,276,385,620,271,536,799
HPV200,788,388,510,632,454,237,108,413,486,276,277,386,589,311,531,750
HPV201,762,419,531,660,498,240,118,395,506,278,334,380,605,314,516,734
HPV202,721,404,498,654,467,320,153,401,525,297,330,406,563,321,577,706
HPV203,782,418,542,646,492,258,79,405,529,258,319,428,584,300,595,736
HPV204,767,424,535,626,494,251,106,384,504,278,322,395,586,282,537,735
HPV205,800,428,498,648,476,266,110,406,488,267,320,401,609,298,548,734
HPV206,716,476,586,583,618,334,175,416,510,365,441,436,516,368,550,641
HPV207,827,400,514,694,479,232,110,377,526,259,272,360,603,307,521,765
HPV208,770,440,518,624,504,272,145,391,502,277,311,410,577,323,526,692
HPV209,756,462,577,590,550,305,148,385,509,331,366,391,569,290,507,662
HPV210,761,393,489,638,465,268,107,372,491,272,329,405,563,279,573,729
HPV211,773,407,512,648,481,254,121,393,468,294,318,400,617,295,529,742
HPV212,749,403,502,670,476,284,125,374,475,292,326,388,623,280,529,711
HPV213,677,459,451,616,504,284,155,386,438,313,341,402,583,274,547,665
HPV214,671,463,478,584,484,322,154,408,433,339,450,470,607,244,610,639
HPV215,734,423,472,635,489,273,130,369,456,303,342,416,584,262,573,724
HPV216,767,409,527,660,475,250,110,386,512,273,297,400,609,289,548,720
HPV219,694,444,442,633,496,284,160,385,436,318,347,395,587,279,547,660
HPV220,608,383,496,585,506,381,172,424,492,395,467,422,467,324,640,618
HPV221,738,415,527,635,483,266,106,417,489,299,384,395,606,291,550,724
HPV222,797,422,505,640,459,265,116,389,514,263,311,402,595,279,557,760
HPV223,813,418,497,653,475,260,141,373,501,277,274,377,593,293,517,758
HPV224,767,401,479,658,449,275,147,413,503,278,316,374,586,330,529,727
HPV225,729,416,544,649,502,260,116,413,508,295,315,389,599,320,532,732
HfrePV1,487,428,484,494,521,662,252,427,502,413,685,345,383,359,524,411
HfrePV2,487,413,514,480,529,657,252,413,519,421,665,351,360,360,524,434
LrPV1,656,483,620,487,632,481,236,503,551,481,533,489,408,406,665,601
LsmiPV1,302,522,450,411,485,683,566,435,477,626,721,435,421,338,522,304
LwPV1,664,401,547,535,501,391,171,497,543,386,457,372,438,383,583,632
LwPV2,694,430,549,492,545,390,172,451,509,420,466,385,416,318,593,561
LwPV3,570,485,525,388,569,459,319,489,475,558,575,432,355,334,620,521
LwPV4,493,475,545,427,549,507,299,522,522,524,640,440,375,371,643,503
LwPV5,543,478,569,400,549,481,244,479,555,440,635,440,342,355,622,549
LwPV6,534,452,568,478,591,432,185,488,483,483,592,434,423,329,647,538
LwPV7,549,449,578,489,589,408,189,470,492,468,594,456,434,331,650,527
LwiePV1,724,483,592,536,571,390,169,504,537,406,469,429,503,355,611,664
MaPV1,586,462,549,505,564,449,201,488,534,437,490,433,417,355,654,522
McPV2,510,455,569,489,491,406,201,492,542,388,540,461,480,341,621,535
MfPV1,654,423,570,588,557,373,198,409,508,394,465,410,516,346,545,631
MfPV2,539,450,572,501,566,503,268,435,532,456,550,410,425,363,558,503
MfPV3,560,536,523,475,652,472,258,426,423,525,552,563,458,275,731,505
MfPV4,558,519,519,464,646,484,261,447,439,546,547,536,416,289,742,536
MfPV5,619,510,519,532,626,449,219,441,437,503,481,536,498,273,738,608
MfPV6,602,506,527,468,633,479,228,460,443,534,504,530,424,282,752,570
MfPV7,560,507,505,488,662,491,238,444,422,566,574,564,415,272,809,545
MfPV8,538,508,532,481,646,499,246,428,464,554,534,553,410,259,793,555
MfPV9,664,531,496,502,641,446,220,447,406,511,466,538,481,266,740,632
MfPV10,564,508,492,476,614,502,250,460,423,543,556,520,438,273,745,555
MfPV11,538,522,538,454,700,507,260,433,437,587,582,529,377,284,755,510
MfuPV1,595,527,489,500,626,464,242,435,419,507,495,533,471,269,728,597
MfuPV2,549,504,506,460,661,559,260,485,403,602,609,514,405,301,753,485
MmPV1,587,534,524,472,664,452,237,437,438,544,532,553,429,260,774,590
MmPV2,533,507,505,457,613,587,277,435,390,586,577,507,465,233,701,502
MmPV3,470,496,530,452,637,626,284,466,424,615,616,521,416,277,746,474
MmPV4,599,406,515,529,511,444,192,457,485,433,500,404,453,321,616,558
MmPV5,670,383,553,618,487,290,144,419,513,341,380,436,553,326,594,700
MmPV6,477,492,522,439,615,584,295,466,414,598,593,546,423,287,741,442
MmPV7,743,399,482,688,448,302,142,386,507,277,358,400,613,301,560,685
MmiPV1,650,438,602,496,521,305,158,465,547,357,433,427,468,349,571,605
MmuPV1,546,456,566,484,517,376,197,505,538,407,520,435,450,357,617,538
MnPV1,464,512,591,469,561,501,266,493,575,451,595,413,436,357,582,420
MpPV1,846,461,622,565,550,356,128,455,571,347,479,419,528,325,587,746
MrPV1,645,394,511,659,529,341,176,337,501,347,479,401,534,301,562,621
MsPV1,718,423,475,578,491,318,210,347,471,331,344,371,514,294,488,673
MscPV1,476,453,632,438,596,460,189,479,546,489,619,416,380,323,630,504
MscPV2,573,466,660,514,618,366,145,486,582,415,494,345,439,368,537,522
OaPV1,634,449,596,491,545,383,194,574,493,487,453,418,499,377,608,559
OaPV2,629,473,580,457,527,396,203,593,501,509,470,404,483,341,631,560
OaPV3,636,476,596,400,567,357,214,474,521,469,423,413,384,310,593,510
OaPV4,640,465,604,475,550,378,201,566,494,514,428,421,501,338,623,559
OcPV1,696,440,560,525,546,382,208,414,528,412,466,402,451,316,573,645
OjohPV1,697,472,571,473,584,340,182,489,539,446,485,478,394,336,710,555
OvPV1,598,489,584,518,598,455,241,580,558,489,576,481,435,441,702,627
PaPV1,425,521,505,524,506,464,304,510,530,432,622,413,513,367,566,434
PaPV2,519,479,564,489,489,427,243,552,558,414,488,433,485,391,598,524
PcPV1,679,485,639,464,654,440,225,545,547,498,548,474,388,441,654,639
PePV1,416,500,406,547,438,463,401,404,480,385,565,467,534,358,525,414
PhPV1,555,565,485,459,629,516,280,436,408,551,585,552,471,229,747,539
PlPV1,629,457,667,539,604,395,217,491,584,449,529,481,476,406,629,616
PlpPV1,742,450,630,481,631,403,178,496,531,448,480,467,400,406,638,721
PmPV1,456,474,604,516,592,520,260,429,586,422,671,425,415,386,569,378
PpPV1,809,532,456,711,582,292,139,404,369,324,363,526,749,269,624,752
PphPV1,568,456,538,469,586,468,170,495,493,456,533,426,385,338,667,547
PphPV2,645,480,518,591,612,364,154,412,492,402,513,413,486,295,635,622
PphPV4,620,479,517,539,562,388,137,396,455,363,471,450,518,253,614,585
PpuPV1,657,369,542,532,495,369,121,417,514,374,489,335,435,291,559,636
PsPV1,613,454,560,561,610,471,171,458,507,439,551,446,458,346,660,573
PsuPV1,529,448,581,498,538,423,220,498,578,427,534,419,411,381,623,521
RaPV1,449,449,635,495,654,530,214,499,573,532,634,433,352,386,690,444
RalPV1,603,476,573,470,598,426,201,569,542,473,574,473,379,419,713,539
RfPV1,623,456,635,551,608,425,201,478,584,464,511,496,449,368,708,691
RnPV1,516,455,567,475,520,347,198,470,530,367,548,456,448,366,587,527
RnPV2,502,526,576,453,568,531,320,458,572,437,625,410,415,383,523,424
RnPV3,486,504,573,470,545,507,333,471,564,439,595,412,438,406,509,454
RrPV1,524,444,625,382,562,390,219,440,525,430,527,435,364,347,546,495
RtPV1,709,479,550,514,609,379,207,526,505,467,523,462,428,397,677,657
RtPV2,732,397,576,519,509,328,106,470,538,343,419,359,446,344,558,622
RtiPV1,629,440,591,588,560,408,188,427,572,410,557,391,487,325,595,604
RtiPV2,688,446,545,516,517,282,125,484,505,386,455,398,485,294,620,595
RtriPV1,312,510,463,441,487,694,546,408,500,601,713,442,427,331,533,350
SaPV1,655,341,457,468,392,190,45,411,475,194,272,288,398,313,456,392
ScPV1,482,462,612,509,575,556,206,571,526,469,653,428,481,421,606,513
SfPV1,661,475,600,516,625,400,231,469,551,463,493,422,415,387,604,555
SsPV1,391,488,475,383,566,585,294,449,471,478,656,409,310,343,588,373
SsPV2,638,500,592,530,584,538,246,510,577,414,558,458,460,426,612,574
SscPV1,538,530,560,431,633,338,191,530,412,537,419,508,476,287,706,499
SscPV2,515,538,584,413,654,368,213,541,412,582,414,492,469,288,689,484
SscPV3,530,545,605,424,671,342,202,530,429,572,392,492,473,286,686,484
TbelPV1,500,449,536,472,539,409,274,469,547,454,508,381,371,379,572,549
TbelPV2,421,461,519,406,537,535,416,439,514,554,643,441,335,377,574,353
TbraPV1,677,481,689,575,572,404,118,577,637,380,507,423,536,406,633,635
TePV1,783,395,563,618,474,263,130,445,521,306,376,408,580,348,543,743
TmPV1,553,500,510,603,530,434,254,458,515,379,501,412,568,363,542,599
TmPV2,518,518,478,528,513,585,356,461,521,445,603,432,491,367,563,475
TmPV3,638,527,493,557,529,484,244,435,524,345,468,409,524,336,541,567
TmPV4,508,527,491,555,537,553,312,439,516,393,558,429,519,369,535,527
TtPV1,740,497,594,581,595,363,126,450,541,372,431,522,536,302,715,723
TtPV2,610,482,533,546,589,440,184,493,462,475,496,478,511,309,697,560
TtPV3,632,463,569,548,601,399,138,473,497,418,465,507,482,331,715,676
TtPV4,641,469,544,535,594,399,144,470,514,393,471,492,439,347,711,628
TtPV5,763,488,541,560,603,345,109,464,505,355,431,457,480,334,667,750
TtPV6,736,476,569,577,613,333,124,461,495,371,467,466,513,352,639,702
TtPV7,686,480,539,539,588,397,136,478,497,380,452,484,472,343,686,625
TtPV8,877,432,520,621,496,238,79,409,439,273,285,444,637,279,558,711
TtPV9,782,461,542,598,597,335,99,448,489,335,423,453,514,349,636,710
UmPV1,612,463,528,431,583,453,246,472,438,505,504,467,401,333,636,509
UuPV1,669,464,614,436,585,426,212,553,559,470,505,457,371,416,659,681
VvPV1,695,442,604,512,515,342,135,506,545,386,430,363,499,328,555,661
ZcPV1,344,486,452,343,549,719,529,431,451,654,719,387,281,369,511,358
