,AA,AC,AG,AT,CA,CC,CG,CT,GA,GC,GG,GT,TA,TC,TG,TT,%GC,%GC
TbraPV2,0.9843654,0.9538937,1.1967558,0.8788993,1.2004055,1.1770632,0.3147933,1.2604103,1.0765338,1.0256168,1.1260935,0.7900923,0.8008811,0.8942700,1.1936240,1.1158668,44.272828370196464
TbraPV3,0.9925401,0.9450159,1.1613671,0.9088723,1.2063106,1.1697412,0.2630051,1.2813319,1.1097112,1.1135747,1.0505616,0.7605549,0.7736681,0.8471421,1.2894688,1.1070540,42.39143959188752
LcamPV1,1.0414634,1.0234211,1.0287238,0.9078116,1.1559886,1.1300764,0.2994357,1.2821569,1.1174482,0.8623748,0.9749458,0.9785204,0.7409915,0.9882620,1.4955297,0.9238686,40.986622073578594
MaegPV1,1.0063369,0.9774910,1.0672003,0.9551670,1.0678948,1.2263761,0.3805872,1.2583875,1.1945235,0.8766334,1.0196837,0.8320143,0.7965733,0.9787458,1.3012158,1.0193672,39.40190601380217
MaegPV2,1.1328332,0.8469472,1.0568698,0.8964184,1.1923043,1.2658201,0.1540673,1.2633066,1.1020962,0.9368956,1.0703876,0.8618034,0.6176187,1.0499331,1.4706543,1.0550436,40.468113975576664
RnPV4,0.9828093,1.0483446,1.0837334,0.8983471,1.1917280,1.0852729,0.5100389,1.2065244,1.0546529,0.9588731,1.0916467,0.8845554,0.8096447,0.9210299,1.2162637,1.0544440,46.350067842605156
AaPV1,1.0785911,0.9715797,1.0515064,0.8927435,1.2093067,1.0628689,0.5777783,1.1442654,0.9928858,1.1315734,1.0414144,0.8520049,0.7427482,0.8452938,1.2732422,1.1319593,47.69610870907968
AchePV1,0.9958962,1.0291728,1.1055029,0.8819071,1.1641087,1.1994869,0.3872971,1.2468191,1.1205694,0.8967617,1.1472782,0.8112057,0.7602647,0.9110421,1.2259575,1.1142638,45.441254651780966
AgPV1,0.9053704,1.0273065,0.9675685,1.1106350,1.2219976,1.1864372,0.6529314,1.0052412,0.8025249,1.0754165,1.0873774,0.9656907,1.0669583,0.5763383,1.4240600,0.9253232,59.22040922040922
AmPV1,1.0622801,0.9462175,1.1906497,0.8081349,1.2616234,1.1397910,0.3512583,1.1690346,0.9158844,1.2667427,1.0360568,0.8614075,0.8081349,0.7256077,1.2476982,1.2007699,43.512245961438246
AmPV2,1.1152214,1.0706992,1.0161908,0.8059479,1.2158787,0.9969382,0.5922116,1.1584103,0.8001798,1.3228622,0.9956124,0.9632431,0.8951015,0.6205770,1.3078342,1.1190627,45.568451595884994
AmPV3,0.9914178,1.0746047,0.9964732,0.9057649,1.0392696,1.0648098,0.8212597,1.1381961,1.0178819,1.0354372,1.0303849,0.8842544,0.9235833,0.7730718,1.2134755,1.0819880,58.63555668272889
AmPV4,1.0491287,0.9390496,1.1349602,0.8816897,1.1951540,1.1023785,0.4567611,1.1209133,1.0026086,1.1555373,1.0425996,0.8743986,0.8272480,0.8937349,1.1403448,1.1524237,38.53176588294147
AplaPV1,0.8472138,1.0846168,1.0427633,1.0107901,1.0475711,1.1471465,0.6623741,1.2158294,1.0166008,0.9798332,1.1125002,0.8590992,1.0866605,0.7596125,1.2080445,0.9166736,54.43134271586155
AsPV1,1.0029131,1.0168817,1.1166546,0.8747513,1.2044398,1.1593932,0.4097414,1.2048353,1.0652046,0.9491478,1.1087255,0.8705632,0.7779478,0.9054230,1.2361593,1.0914048,45.2497035182501
BPV1,1.1119539,0.9839211,1.0710543,0.8267141,1.1941781,1.0483510,0.4545369,1.2438734,0.9355483,1.1793390,1.0947524,0.8366439,0.7760989,0.8151056,1.2854262,1.1369667,45.318399194563305
BPV2,1.0987818,0.9785574,1.0704744,0.8438370,1.2092910,1.0493541,0.4197890,1.2735143,0.9293331,1.2207657,1.0969162,0.8030435,0.7836857,0.7758711,1.3142541,1.1284465,45.7855612951997
BPV3,1.0253955,0.9981766,1.1058789,0.8819469,1.2280050,1.1413451,0.4366036,1.1197540,0.9988583,1.1820969,1.0684717,0.8050100,0.7983581,0.7388331,1.2479903,1.2116330,43.11434854315558
BPV4,1.0452032,0.9686459,1.0977919,0.8892638,1.2784276,1.1418000,0.4432405,1.0464348,0.9762506,1.2259843,1.0209396,0.8493491,0.7692707,0.7459472,1.2673182,1.2200706,41.995870612525806
BPV5,1.0768303,0.9186651,1.1044699,0.8808608,1.1869669,1.1367492,0.4268131,1.2102921,0.9428402,1.2224772,1.0757415,0.8250402,0.8216985,0.7835556,1.2526893,1.1334017,44.183673469387756
BPV6,1.0987825,0.9974975,1.0799494,0.8244990,1.2332696,1.1231051,0.4854773,1.0907121,0.9790196,1.1831693,1.0198568,0.8674421,0.7315492,0.7535829,1.2868161,1.2365688,43.50328947368421
BPV7,1.0706031,0.9517157,1.1271984,0.8375855,1.2249355,1.1621902,0.4227972,1.1751076,1.0384574,1.1292099,1.0039271,0.8503018,0.7043747,0.7969412,1.3175468,1.1859072,45.534268753372906
BPV8,1.0688495,0.9471089,1.1450418,0.8277254,1.2551795,1.1076475,0.4673283,1.1362963,0.9336777,1.1659117,1.0422242,0.8918336,0.7670731,0.8066301,1.2531089,1.1821896,46.25850340136054
BPV9,1.0379586,0.9964291,1.0650513,0.9042399,1.2558681,1.1199460,0.5095824,1.0668358,0.9979775,1.1105574,1.0591633,0.8648518,0.7615590,0.8141002,1.2607043,1.1685376,44.55703135697659
BPV10,1.0642855,0.9397224,1.1448685,0.8469923,1.2311267,1.1378597,0.3989206,1.1666341,1.0208895,1.1852821,1.0385944,0.8038194,0.7364411,0.8012735,1.2554276,1.2179587,43.53290985268279
BPV11,1.0429934,0.9500917,1.1042164,0.8992823,1.2683724,1.1670795,0.4485277,1.0487624,0.9835046,1.1918918,1.0531076,0.8410746,0.7804780,0.7793795,1.2245697,1.2082265,42.112520683949256
BPV12,1.0785611,0.9878891,1.0754834,0.8620661,1.1454810,1.1785486,0.4677780,1.1401975,1.0425184,1.1420235,1.0370797,0.8263154,0.7787983,0.7771750,1.2585075,1.1907359,41.60066694456023
BPV13,1.1141960,0.9528612,1.0986492,0.8243006,1.1968104,1.0691603,0.4162049,1.2645636,0.9192031,1.2461374,1.0769547,0.8204899,0.7925325,0.7714064,1.2893413,1.1428643,45.132521040070344
BPV14,1.0572360,0.9887051,1.1127118,0.8448613,1.2343461,1.0339110,0.4429018,1.1909191,0.9333006,1.1944926,1.0765057,0.8607624,0.8118835,0.8187569,1.2334848,1.1509476,43.33417022344966
BPV15,1.0650956,0.9440487,1.1098463,0.8726466,1.2515252,1.1518469,0.4171931,1.1148775,1.0196468,1.1363843,1.0623147,0.8269327,0.7342384,0.8388381,1.2316484,1.2108511,42.495479204339965
BPV16,0.9561410,1.0619288,1.0551821,0.9504952,1.2760626,1.1199646,0.4622604,1.0891204,1.0163069,1.1110470,1.0810008,0.8154258,0.8152057,0.7294574,1.2875144,1.1600948,44.493157964660554
BPV17,1.0900692,0.9445614,1.1248323,0.8365901,1.1549835,1.1629705,0.3884178,1.2307501,1.0294745,1.1379427,1.0709424,0.8127685,0.7680973,0.8315192,1.2318522,1.1741647,42.38043771953526
BPV18,1.0553798,1.0280753,1.0535002,0.8738171,1.1521937,1.1887024,0.3784723,1.2109681,1.0476690,1.0383726,1.1061661,0.8298145,0.7918967,0.8073121,1.2780031,1.1404759,41.389728096676734
BPV19,1.0674911,0.9871015,1.0996939,0.8475059,1.1256848,1.2520103,0.4045939,1.2088066,1.0708558,1.1126331,1.0494778,0.7986788,0.7750551,0.7414014,1.2596184,1.2007234,42.71335998897008
BPV20,1.0479068,0.9536120,1.1449187,0.8493876,1.2206233,1.1732445,0.4058902,1.1546762,1.0013120,1.1203681,1.0285775,0.8766252,0.7667833,0.8044667,1.2860136,1.1597034,44.56506802253676
BPV21,1.0582919,0.9298679,1.0745326,0.9228299,1.0960878,1.1846459,0.4389731,1.2274409,1.1026512,1.1523044,1.0414581,0.7481030,0.7836599,0.8253941,1.2697772,1.1371657,41.81004336270807
BPV22,1.0291437,0.9694168,1.0669307,0.9253021,1.2013765,1.2303497,0.4251390,1.1206170,1.0191851,1.0683688,1.0679832,0.8596654,0.7869392,0.7904120,1.3113170,1.1261169,44.18449197860963
BPV23,1.0675895,0.9562607,1.0726801,0.8923609,1.2928088,1.1775880,0.4162062,1.0432913,0.9816765,1.1843516,1.0850255,0.8152514,0.7269232,0.7633195,1.2647414,1.2512802,42.543257346882726
BPV24,1.0789336,0.9826222,1.0720235,0.8674335,1.2646926,1.1616935,0.4213147,1.0556272,0.9830253,1.1964050,1.0691771,0.8268892,0.7398222,0.7499833,1.2695446,1.2471474,41.49669239250276
BPV25,1.0777727,0.9514976,1.0972133,0.8639922,1.2530884,1.1255589,0.4731102,1.1020798,0.9211402,1.2136306,1.0658051,0.8569252,0.7825155,0.7582686,1.2535356,1.2007433,44.85199485199485
BPV26,1.0684322,0.9462043,1.0779435,0.8960762,1.2435154,1.0989704,0.4873263,1.0982710,0.9669787,1.2335448,1.0384426,0.8376535,0.7783927,0.7907551,1.2477999,1.1820417,42.693843823164855
BPV27,1.0913290,1.0198655,1.0250224,0.8618268,1.1864207,1.2479656,0.3883133,1.1004294,1.0132631,1.1051994,1.1375372,0.8067247,0.7588991,0.7284166,1.2760105,1.2419091,40.50615780213831
BcosPV1,0.9715020,1.0437076,0.9935520,1.0089529,1.0840441,1.2639879,0.7956111,0.9055590,0.9759843,1.1018862,1.0139807,0.9525060,0.9994792,0.7033745,1.1244862,1.0861717,40.261015997754704
BgPV1,1.0888393,0.9896259,1.0972203,0.8275539,1.2010844,1.0261835,0.4649009,1.2368004,0.9309748,1.1969271,1.1173605,0.8191992,0.8112635,0.8177380,1.2030752,1.1622207,44.374528064434934
BpPV1,1.0174634,1.0133044,1.0597648,0.9154399,1.1190405,1.5232630,0.3548715,1.0590759,1.0175211,0.7791164,1.2436062,0.9273899,0.8738290,0.7906799,1.2015747,1.1144686,44.20317952694843
CPV1,1.0594981,0.9557291,1.1472628,0.8489923,1.2606243,1.1150593,0.4345880,1.0833534,0.9600597,1.1472043,1.0602782,0.8916623,0.7834752,0.8516659,1.1857412,1.1940555,41.58243290345068
CPV2,1.0699616,1.0026945,1.0934289,0.8375174,1.2109935,1.2259955,0.4889947,1.0630028,1.0072021,0.9500469,1.1547318,0.8889799,0.7438925,0.8555876,1.1820716,1.2228711,46.11776323910628
CPV3,0.9770739,1.0813937,1.0460458,0.8864541,1.2091174,1.1108665,0.6834152,1.0304487,1.0058868,0.9843509,1.0831206,0.9157662,0.8036893,0.8181674,1.1819542,1.1832699,51.467760543520065
CPV4,0.9386409,1.1394822,0.9613964,0.9571677,1.1755552,1.1600034,0.6748568,1.0410193,1.0330299,0.9137925,1.1261436,0.9023643,0.8289120,0.7767428,1.2473859,1.1240658,53.31955567036941
CPV5,0.9767923,1.0626876,1.0800224,0.8771317,1.1755212,1.1356611,0.5653123,1.1444935,1.0235752,0.9649652,1.1338225,0.8648076,0.8262540,0.8354131,1.1975840,1.1375593,49.782330345710626
CPV6,1.0928562,0.9237805,1.1691952,0.8189730,1.1663486,1.1764401,0.4062913,1.1420231,0.9990647,1.1947973,1.0374482,0.8419657,0.7849059,0.8202626,1.1828096,1.2250710,40.22082018927445
CPV7,1.0449422,1.0316717,1.0975252,0.8299200,1.2922161,1.0997871,0.4139803,1.1684562,1.0245999,1.0244259,1.1506612,0.8083337,0.6839807,0.8594243,1.2389231,1.2269595,46.486486486486484
CPV8,0.9929174,1.0454281,1.0433663,0.9125020,1.2353120,1.1556645,0.6110356,1.0391335,1.0130139,1.0079140,1.1180523,0.8423058,0.7524898,0.7860687,1.2146726,1.2324704,51.23329907502569
CPV9,0.9871203,1.0735385,0.9976590,0.9394511,1.1918977,1.1897293,0.6079237,1.0427117,0.9995593,0.9363198,1.1287917,0.9223039,0.8185737,0.7983943,1.2596835,1.1072256,51.03518353867649
CPV10,0.9886621,1.0329924,1.0805921,0.8825532,1.1904608,1.1898169,0.6024736,1.0601362,1.0246994,0.9694526,1.0883822,0.9021223,0.7869070,0.8036886,1.2211160,1.1782024,51.29920246977103
CPV11,0.9448711,1.0493874,1.0135602,0.9909570,1.1823507,1.1812082,0.6160673,1.0500057,1.0286317,0.9357984,1.1168124,0.9033837,0.8358507,0.8293039,1.2565246,1.0658722,51.245688003066306
CPV12,0.9696576,1.0696341,1.0431028,0.9099373,1.1824471,1.1645072,0.6100863,1.0860111,0.9993229,0.9624964,1.1272749,0.8945074,0.8401100,0.7993042,1.2170842,1.1252682,51.78707224334601
CPV13,1.0706338,1.0676502,1.0949694,0.7770486,1.2853265,1.2177577,0.4063888,1.1001728,1.0375284,0.9555629,1.1126953,0.8898332,0.6516058,0.7888836,1.2922889,1.2525063,47.16820612542538
CPV14,0.9523150,1.0451736,1.0718911,0.9117919,1.1873172,1.1202909,0.6646217,1.0812286,1.0605684,1.0059627,1.0614305,0.8505575,0.7664678,0.8097998,1.2231827,1.1872445,53.27114745719397
CPV15,1.0222064,0.9982172,1.0280531,0.9439693,1.1500294,1.2032999,0.6701780,1.0151992,1.0526658,0.9353034,1.0710792,0.9262950,0.7416901,0.8546666,1.2515275,1.1350089,52.919238683127574
CPV16,0.9553793,1.0985273,1.0476586,0.8931619,1.2286161,1.1312791,0.6030189,1.0633835,1.0065739,0.9206088,1.1198196,0.9391614,0.8067948,0.8479860,1.2180390,1.1218219,50.590046177526936
CPV17,1.0707312,1.0186436,1.1251013,0.7916698,1.2607802,1.2386434,0.4054107,1.0855500,1.0206538,0.9842341,1.0697277,0.9257239,0.6877307,0.7975469,1.2952356,1.2208077,46.27201198950918
CPV18,0.9524493,1.0775912,1.0558527,0.9069222,1.2128183,1.1382721,0.6306947,1.0525837,1.0139990,0.9440711,1.0878178,0.9437363,0.8192245,0.8398510,1.2170806,1.1081800,51.04993597951344
CPV19,1.0417233,1.0148509,1.1178833,0.8289286,1.2211899,1.1962926,0.4025469,1.1743809,1.0286711,1.0063673,1.1575959,0.8116194,0.7407447,0.8139049,1.2213500,1.2211085,46.51807077194308
CPV20,0.9734144,1.0960194,1.0019660,0.9220665,1.1594954,1.1391953,0.6337814,1.1170121,1.0019660,0.9450469,1.1348815,0.8984576,0.8549257,0.8179695,1.2276937,1.0768413,52.23880597014925
CPV21,0.9828143,1.0427448,1.1005734,0.8829371,1.3008902,1.1579155,0.4473764,1.0851878,1.0452856,1.0200183,1.0875721,0.8466471,0.7177091,0.7999639,1.2709176,1.2094440,46.78419452887538
CPV22,1.0689054,1.0253685,1.0817498,0.8226135,1.2836675,1.1765602,0.3934929,1.1268654,0.9921893,0.9881045,1.1378626,0.8843853,0.6814957,0.8290815,1.3092748,1.1964079,47.024096385542165
CPV23,1.0341057,1.0509980,1.0768010,0.8395382,1.2750480,1.2163100,0.4185207,1.1064262,1.0171794,0.9590224,1.1025248,0.9146013,0.6953004,0.7921495,1.3423063,1.1608556,48.42751842751843
CcPV1,1.1368273,0.9367387,0.9348585,0.9730932,1.1368189,1.1689867,0.7362422,0.9496585,0.9415044,1.0492092,1.0897765,0.9345007,0.7874507,0.8693391,1.2222164,1.1339920,47.136752136752136
CcaPV1,1.0534343,1.0059734,1.0692853,0.8738295,1.2786007,1.0404620,0.4692602,1.1943902,1.0005986,1.0502491,1.0677877,0.8916831,0.7087529,0.9114515,1.3128610,1.0690743,47.310756972111555
CcanPV1,0.9580282,0.9762221,1.0754918,0.9947021,1.2252810,0.9898011,0.5778963,1.1488619,1.0734853,1.0428401,1.0144466,0.8748607,0.7946805,0.9955231,1.2494969,0.9978821,45.32490246199381
CcrPV1,1.0804422,0.9468913,1.0858542,0.8872128,1.1315988,1.1502050,0.4446534,1.1523554,1.0304535,1.0985555,1.0692998,0.8622076,0.8164380,0.8972709,1.1930774,1.1228771,38.38686481303931
CdPV1,1.0994309,1.0304399,0.9956474,0.8721813,1.1861021,1.1118428,0.5798901,1.1076194,0.9115871,1.1372846,1.0179799,0.9659988,0.8242202,0.7463358,1.3285015,1.0842102,45.80023440552155
CdPV2,1.1132290,1.0019623,1.0051252,0.8642676,1.2320878,1.1035952,0.5678293,1.0810790,0.8924511,1.1539021,1.0293881,0.9555378,0.7712768,0.7486181,1.3516369,1.1282033,47.2046546926385
CePV1,1.0823770,0.9594420,1.0741802,0.8750020,1.2030089,1.1243239,0.4599937,1.1822614,1.0419010,1.0233016,1.1121962,0.8354532,0.7160597,0.9260299,1.2370036,1.1424585,45.013610492452365
CePV2,1.0293283,0.9380428,1.1570821,0.8757567,1.2093395,1.2740423,0.3272173,1.1529273,1.0893599,1.0692995,1.0695671,0.7915539,0.7384488,0.8090718,1.2554215,1.2061398,43.150222702119045
CgPV1,1.0161952,1.0575172,0.9895991,0.9341026,1.3363548,1.1859686,0.5398922,0.9866308,0.7935824,1.1038207,1.0323697,1.0644071,0.8655446,0.6327759,1.4518129,1.0082861,51.86150409530901
CgPV2,0.9961088,1.0263956,1.0249456,0.9545472,1.2670236,1.1234473,0.6833314,0.9137505,0.8850967,1.1428129,1.0954525,0.9074165,0.8854312,0.7176051,1.1533905,1.2212259,47.12464220660942
ChPV1,1.0528211,0.9584778,1.1211180,0.8686504,1.1629237,1.1487105,0.5562329,1.0991108,0.9319663,1.1124659,1.1169219,0.8819687,0.8738415,0.8290302,1.1177216,1.1664624,44.60355343410236
CmPV1,1.1284395,0.9059367,0.9544344,0.9945278,1.2079156,1.1326936,0.7287737,0.9167358,0.8959078,1.2172072,1.0422420,0.8743795,0.7758142,0.7793439,1.2514267,1.1958505,47.18826405867971
DdPV1,1.0526280,0.9908735,1.0806648,0.8888744,1.3023554,1.2335149,0.3474620,1.0534975,0.9314757,1.1147739,0.9961872,0.9940931,0.7977078,0.7613704,1.3585939,1.0823707,42.09118695873663
EaPV1,1.0335757,0.9918663,1.0941360,0.8704879,1.1269195,1.1007310,0.6155403,1.1836418,0.9756882,1.1242160,1.0775527,0.8216132,0.8661786,0.7776252,1.1939392,1.1474665,50.12722646310433
EaPV2,0.9884759,1.0084300,1.0158306,0.9823742,1.1248718,1.1273631,0.6617708,1.1566065,0.9498416,1.0225767,1.1325664,0.8544353,0.9287901,0.8152391,1.2080652,1.0224630,54.655127196433256
EcPV1,1.0465447,0.9446580,1.0359607,0.9644609,1.1066646,1.2520067,0.5888004,1.1344325,0.9681876,1.0153033,1.1418742,0.8428593,0.8813177,0.7755814,1.2161537,1.0894450,52.95663600525624
EcPV2,1.0932425,0.9778260,1.0955549,0.8037366,1.2962405,1.0688870,0.6119475,1.1536140,0.9871817,1.0815437,1.0364894,0.8677372,0.5775193,0.8287457,1.3151039,1.1902531,56.10662565679867
EcPV3,1.0572783,1.0314824,1.0469612,0.8493955,1.2056001,1.0164606,0.6614304,1.1565916,0.8939295,1.1585303,1.0540293,0.8956846,0.8581521,0.7614228,1.2221300,1.1320411,50.857293590081774
EcPV4,1.1143420,0.9173172,1.1392270,0.7933766,1.2342492,1.0420276,0.6759886,1.1334904,0.9824344,1.1684189,1.0233138,0.7919598,0.6294988,0.8165757,1.2033675,1.3318353,54.87159120995499
EcPV5,1.0576626,0.9749100,1.0924948,0.8618226,1.1753588,1.0557298,0.6099177,1.1960768,0.9202017,1.1475803,1.1252123,0.8060564,0.8639664,0.8121222,1.1340793,1.1695217,50.17954515228089
EcPV6,1.0304802,1.0017984,1.0726477,0.8798838,1.1226293,1.1337424,0.6985736,1.0828934,0.9702147,1.1286203,1.0585977,0.8333134,0.8754060,0.7133531,1.1625236,1.2370559,51.330949543106875
EcPV7,1.0766343,0.9703397,1.0704596,0.8669590,1.2168105,1.1345579,0.5809532,1.1390895,0.9701643,1.1427329,1.0525688,0.8168461,0.7275018,0.7185737,1.3025384,1.2141210,52.4609528809555
EcPV8,1.1101098,1.0243925,1.1123087,0.6987458,1.1586097,1.0970787,0.7502417,1.0413666,0.8827551,1.1325002,1.0198330,0.9325135,0.8359994,0.6744492,1.1691514,1.3622223,55.63458001226242
EcPV9,1.0397856,1.0047928,1.0740681,0.8663602,1.2867614,1.1650181,0.5242537,1.1085103,0.9076074,1.0803370,1.0942833,0.8927382,0.7648521,0.7248810,1.3173814,1.1481679,52.92580982236154
EdPV1,0.9368935,1.0566568,1.0627341,0.9655654,1.2076078,1.0809277,0.5820474,1.0874459,1.0128873,1.0697816,1.0469006,0.8904605,0.8912911,0.8149869,1.2204174,1.0655468,44.78998384491115
EdPV2,0.9834739,1.0512796,1.0873960,0.9125308,1.1678689,1.0581708,0.5317908,1.1548143,0.9496263,1.0904396,1.1435641,0.8794973,0.9468662,0.8325908,1.1002691,1.0896953,41.298671812918606
EePV1,1.0488515,0.9611995,1.1120852,0.8810891,1.1029817,1.2054783,0.4024657,1.2333588,1.0381808,1.0676520,1.0968006,0.8334666,0.8452725,0.8465119,1.2079505,1.1054565,41.78779069767442
EhPV1,0.9641273,1.0543782,1.1079370,0.9085903,1.2154638,1.1488649,0.5007345,1.0673357,1.0771106,1.0919973,0.9710406,0.8690110,0.8163476,0.7507328,1.2681739,1.1668465,42.440755290837664
EhPV2,0.9213383,1.0664641,1.0111858,1.0039855,1.1867726,1.1250577,0.5787611,1.1516291,1.0402324,1.0561904,1.0565534,0.8337907,0.8495262,0.7348917,1.3524165,1.0320480,50.87322527955774
EhPV3,0.8778007,1.0114910,1.1286106,0.9826798,1.2353623,1.1487584,0.4945968,1.1598766,1.0322231,1.0627701,1.0189835,0.8793929,0.8737133,0.7717107,1.3230685,1.0009048,49.63083468902515
ElPV1,1.0812243,0.9915253,1.0794824,0.8517980,1.2081610,1.2004047,0.4281332,1.1127135,0.9016435,1.1345531,1.1056925,0.9211322,0.8458099,0.7523205,1.2345864,1.1460859,42.84842567732487
EsPV1,0.9799520,0.9004241,1.2042535,0.9055636,1.2746557,1.1690694,0.3023151,1.2410399,1.1034323,1.0303905,1.0991477,0.7735931,0.7070839,0.9445294,1.2361742,1.1266193,45.72248304642671
EsPV2,0.9638470,1.0375410,1.1586379,0.8337215,1.2683596,1.1491050,0.3638689,1.2736596,1.0103322,1.0264697,1.1241735,0.8312859,0.7894174,0.8003072,1.2568252,1.1201903,48.75891206759968
EsPV3,0.9584633,0.9491103,1.1842055,0.9119010,1.2946601,1.1858622,0.3276613,1.1750841,1.1042670,1.0453956,1.0555791,0.8053631,0.7271256,0.8735350,1.2572934,1.1410995,44.92283750486318
FarcPV1,0.7907994,1.1329611,0.9161042,1.1676702,1.0475725,1.1315165,0.8310442,1.0086722,0.9733607,0.9388024,1.1004916,0.9712684,1.1978213,0.7684042,1.1754067,0.8472330,56.419576788264315
FcPV1,0.9984339,0.9738947,1.0744244,0.9487154,1.0539408,1.1380845,0.5807191,1.2432641,1.0342769,1.0151153,1.1028004,0.8508914,0.9203107,0.8945161,1.1799547,0.9932500,47.716392806313884
FcaPV1,1.0986761,0.9514850,1.1384524,0.8047486,1.2046868,1.1503547,0.4795822,1.1398110,0.9649402,1.0523534,1.0904166,0.9093804,0.7548675,0.8772703,1.2035917,1.1769376,46.12048192771084
FcaPV2,0.9642658,1.1130241,0.9484366,0.9786582,1.1709013,1.1067396,0.7695210,1.0004922,0.9808781,1.0193890,1.0756776,0.9081439,0.8821708,0.7563634,1.1959097,1.1315035,53.0446892011647
FcaPV3,1.0335414,0.9318307,1.1402418,0.8819166,1.2920146,1.2393920,0.4017398,1.0967935,1.0312896,0.9994503,1.1425955,0.8259519,0.6981066,0.8813087,1.1919543,1.2187328,46.67018330476065
FcaPV4,1.1117158,0.9661340,1.0418908,0.8688183,1.2772618,1.1917681,0.4195671,1.1754364,0.9483638,1.0399909,1.1867110,0.8173823,0.7002716,0.8283116,1.2557443,1.1806991,48.81827731092437
FcaPV5,1.0602985,1.0536937,1.0482809,0.8474261,1.2846403,1.1327589,0.4549468,1.1500788,1.0230211,0.9777586,1.1046913,0.8854083,0.6961651,0.8657326,1.2567086,1.1635722,46.23684210526316
FgPV1,1.0498287,1.0635780,0.9503252,0.9354297,1.1063544,1.0907994,0.7818816,1.0201403,0.9397071,0.9757541,1.1188367,0.9666716,0.9042487,0.8677817,1.1395069,1.0893780,48.10624692572553
FlPV1,0.9051096,1.0751621,0.9608402,1.0575211,0.9927908,1.0992762,0.9202317,0.9906294,1.0331615,0.9945361,1.0370318,0.9294944,1.0647479,0.8196015,1.0861746,1.0342430,52.93411576420379
GcPV1,1.1672168,0.9831075,1.0645969,0.7659435,1.2547556,1.0087179,0.5158128,1.2512556,0.9084811,1.1684739,0.9881910,0.9501293,0.6769284,0.8249018,1.4070000,1.0657286,49.83090530697191
HPV1,1.0152789,0.9829115,1.1479325,0.8867529,1.2187221,1.2117385,0.4806980,1.0133382,1.0110411,1.0815705,1.0495401,0.8991935,0.8335765,0.8204321,1.1446155,1.1852572,40.30194472876151
HPV2,0.9086624,1.0717915,1.0378749,0.9901611,1.2970865,1.1778183,0.5517474,0.9949142,0.9214777,1.0097195,1.0657328,1.0043666,0.9060548,0.7649881,1.2902394,1.0102964,48.396946564885496
HPV3,0.9757082,1.1619507,0.9404309,0.9536503,1.3115959,1.1177990,0.5714289,0.9788563,0.8448891,1.0732925,1.0595988,1.0493813,0.9243338,0.6723919,1.3433639,1.0179671,45.52429667519181
HPV4,0.9956759,0.9746565,1.1173874,0.9363850,1.1797203,1.1755087,0.4729094,1.0756678,1.1012518,1.0788246,1.0131310,0.8330075,0.8252885,0.8668773,1.1754907,1.1443580,38.52849177206582
HPV5,0.9924516,0.9637633,1.0708773,0.9767926,1.2659961,1.1568817,0.5392357,0.9660105,0.9602262,1.0150319,1.1847209,0.8806511,0.8439488,0.9131442,1.1066777,1.1514566,42.396075393751616
HPV6,0.9609482,1.1998720,0.8534899,1.0175073,1.3379103,1.2504768,0.4847335,0.8574202,0.7364183,1.0936800,1.1771667,1.0876513,1.0146571,0.5464625,1.3682044,1.0111153,40.70785392696348
HPV7,0.9686595,1.1232040,0.9691996,0.9787305,1.3798077,1.1439151,0.5301402,0.8613149,0.7681524,1.2241420,1.0179558,1.0896209,0.9691886,0.6257811,1.3036536,1.0404152,39.52908932353308
HPV8,0.9801319,1.0477056,1.0593624,0.9366056,1.3058978,1.0851155,0.4944050,1.0193195,0.9640960,1.0456381,1.1214188,0.9037296,0.8205374,0.8438234,1.2128438,1.1387669,42.95793049385942
HPV9,0.9680281,1.0683838,1.0862202,0.9187434,1.2445655,1.1916237,0.4743640,1.0126295,0.9968115,1.0423099,1.0762302,0.9128024,0.8721067,0.7515610,1.1993025,1.1579256,40.98735539413506
HPV10,0.9124422,1.1655454,0.9455805,1.0102696,1.3380549,1.1680383,0.5569568,0.9376754,0.8644781,1.0630609,1.0998988,0.9966638,0.9533773,0.6409713,1.3081212,1.0398928,45.86437681525445
HPV11,0.9413437,1.2349278,0.8906564,0.9875751,1.3456156,1.2822597,0.4662372,0.8534400,0.7520255,1.0317378,1.1370172,1.1372490,1.0209784,0.5359879,1.3687245,1.0067201,41.04148278905561
HPV12,0.9781906,1.0067030,1.0915055,0.9443228,1.2726246,1.1065935,0.5117688,1.0107832,0.9802813,1.0644792,1.1023325,0.8897791,0.8388734,0.8594098,1.1732871,1.1470556,42.29115078847908
HPV13,0.9949063,1.1662011,0.9121126,0.9614625,1.3203915,1.1585473,0.4481112,0.9479418,0.7541710,1.1284552,1.1834655,1.0495592,0.9739310,0.6334914,1.3145572,1.0395939,39.441624365482234
HPV14,0.9684615,0.9798195,1.1217351,0.9536571,1.2869594,1.0982246,0.4848620,1.0159354,0.9893212,1.0716377,1.0668499,0.9099021,0.8441964,0.8984296,1.1668156,1.1132920,41.07351225204201
HPV15,0.9629467,1.0685811,1.1159104,0.9105040,1.2482540,1.1513735,0.5292103,0.9833718,1.0209805,1.1106454,1.0128634,0.8975755,0.8704656,0.7408601,1.1552736,1.1901888,39.565627950897074
HPV16,0.9301521,1.2598346,0.9118408,0.9813667,1.3482440,1.1717911,0.4253476,0.8877967,0.7749640,1.1051443,1.1517346,1.0874069,1.0165953,0.5578402,1.3273714,1.0296627,36.54186693650392
HPV17,0.9516106,1.0185862,1.1247157,0.9402836,1.2872500,1.1639410,0.5245540,0.9525753,1.0082341,1.1110118,1.0146248,0.9058527,0.8583181,0.7784203,1.1625110,1.1755773,40.869916509561
HPV18,0.9483170,1.2011355,0.8907621,1.0032451,1.3303857,1.2265527,0.5376570,0.8514419,0.7685780,1.1347062,1.1278648,1.0569703,1.0075509,0.5509330,1.3166830,1.0513061,40.43528064146621
HPV19,0.9732134,1.0207345,1.0982419,0.9402630,1.2835193,1.0456652,0.5191575,1.0193895,0.9438016,1.1459452,1.0894366,0.8949541,0.8809404,0.8322552,1.1457142,1.1366629,40.637605725439165
HPV20,0.9556772,0.9531569,1.1539726,0.9597946,1.3039863,1.0990018,0.4871481,0.9921337,0.9810647,1.1225587,1.0763026,0.8736574,0.8498024,0.8854005,1.1282045,1.1517868,41.3561944050535
HPV21,0.9596981,0.9485569,1.1472393,0.9657978,1.2422081,1.1344238,0.5552262,0.9798459,1.0117085,1.0799454,1.0336947,0.9047012,0.8646048,0.9013631,1.1217435,1.1274573,41.110682607018894
HPV22,0.9817588,1.0076847,1.0669678,0.9624196,1.1677841,1.2618261,0.5403166,1.0002492,1.0255513,1.0671253,1.0353390,0.9013216,0.8922591,0.7678153,1.1966576,1.1183175,40.25515743756786
HPV23,0.9746785,0.9985728,1.1014290,0.9519754,1.2020734,1.2294283,0.5266354,0.9871523,1.0283952,1.1156356,1.0086650,0.8878207,0.8761811,0.7663069,1.1830211,1.1488648,39.868924085199346
HPV24,0.9643444,1.0447310,1.1049539,0.9302936,1.2804889,1.1865082,0.4500751,0.9883522,0.9687530,1.0761194,1.0785001,0.9233744,0.8838538,0.7690120,1.1734093,1.1475651,40.002683843263554
HPV25,0.9692056,0.9910454,1.0575454,0.9950679,1.3356638,1.0855768,0.5671686,0.9127698,0.9535246,1.1135508,1.1197135,0.8747793,0.8305049,0.8582407,1.1521483,1.1668821,41.851419681057955
HPV26,0.9667105,1.1710107,0.8895647,1.0044684,1.2782622,1.3208072,0.5000403,0.8458360,0.7312863,1.1199534,1.1474156,1.1105852,1.0450257,0.5407804,1.3263560,1.0148809,38.599618077657546
HPV27,0.9272661,1.0865137,1.0122391,0.9838404,1.2880444,1.1921694,0.5538683,0.9907654,0.9158353,1.0125404,1.0835502,0.9889615,0.9023388,0.7316421,1.2994494,1.0339210,48.69109947643979
HPV28,0.9783977,1.1663255,0.9070154,0.9767196,1.3025066,1.1406489,0.5570199,0.9975164,0.8626806,1.0569096,1.0790748,1.0209849,0.9126441,0.6672425,1.3700717,1.0046486,46.12388491016459
HPV29,0.9688840,1.1510617,0.9505531,0.9593632,1.3105067,1.1823131,0.5496777,0.9536838,0.8296412,1.0604401,1.0564217,1.0759481,0.9456335,0.6462610,1.3530573,1.0067806,45.73016675088429
HPV30,0.9725940,1.2181836,0.8906589,0.9653341,1.3707290,1.2220320,0.4854940,0.8409097,0.7176390,1.1338634,1.1219020,1.1194730,0.9911528,0.5278537,1.3648087,1.0528372,40.38461538461539
HPV31,0.9707404,1.2323215,0.8960331,0.9679403,1.3516524,1.1866336,0.4502296,0.8863127,0.7427119,1.1034317,1.1111318,1.1371097,0.9999066,0.5900852,1.3427353,1.0074950,37.10819009100101
HPV32,0.9952326,1.1604418,0.9017271,0.9709915,1.3190790,1.2128886,0.5166703,0.8907407,0.7649267,1.0934185,1.1212806,1.0909142,0.9695487,0.6230686,1.3322316,1.0334284,40.97475191558849
HPV33,0.9887598,1.2239620,0.9244889,0.9350452,1.3387802,1.2555446,0.4371010,0.8618883,0.7970430,1.1326617,1.0513768,1.1045807,0.9526402,0.5478304,1.3521233,1.0778123,36.55329371601972
HPV34,0.9305682,1.2539169,0.8817153,1.0089933,1.4030818,1.2234873,0.4360316,0.8319687,0.7463643,1.0829310,1.1326574,1.1322853,1.0171523,0.5378891,1.3637470,0.9957416,38.2364366178946
HPV35,0.9401263,1.2525638,0.9198444,0.9760571,1.3578982,1.1690867,0.4385629,0.8901046,0.7753253,1.1020298,1.1221064,1.1042038,1.0118288,0.5664302,1.3196072,1.0192014,36.92092905191014
HPV36,1.0138828,1.0000086,1.0493660,0.9437433,1.2560814,1.1475898,0.5470328,0.9927692,0.9710829,1.0242316,1.1080137,0.9226669,0.8281191,0.8756858,1.1739289,1.1325807,42.34654234654235
HPV37,0.9744789,1.0298727,1.1094710,0.9217945,1.2349045,1.1933475,0.5373843,0.9785557,1.0277805,1.0847201,1.0455570,0.8772026,0.8528896,0.7726847,1.1401478,1.2021152,40.547096078695596
HPV38,0.9959891,0.9495561,1.0748925,0.9784849,1.2165462,1.2072595,0.5137354,1.0025881,1.0156153,1.0801615,1.0818598,0.8663734,0.8492511,0.8538666,1.1762601,1.1265722,40.648648648648646
HPV39,0.9224338,1.2394847,0.8462018,1.0378500,1.3242916,1.2007355,0.4989404,0.8885656,0.7567184,1.0423723,1.2054057,1.0828050,1.0492706,0.5783839,1.3435962,0.9722369,40.15064470828546
HPV40,0.9457574,1.1730987,0.9066838,1.0068852,1.3623792,1.2128460,0.5199793,0.8821199,0.7473502,1.0983237,1.1294774,1.0766788,1.0052844,0.5865873,1.3352361,1.0128466,43.78556075357188
HPV41,0.9574383,1.0666593,0.9669038,1.0200813,1.2233929,1.0905158,0.6280274,1.0467354,0.9783015,1.0786730,1.0939938,0.8640505,0.8743554,0.7732640,1.2631595,1.0723642,46.92671394799054
HPV42,0.9550575,1.2242603,0.8852334,0.9863964,1.3805957,1.1997607,0.4618871,0.8584301,0.7429638,1.0766523,1.2259637,1.0597351,0.9877760,0.5881836,1.2981755,1.0614473,39.47202223064292
HPV43,0.9575196,1.1481544,0.9411554,0.9933195,1.3230686,1.2444856,0.4721534,0.9064674,0.7931512,1.1400019,1.0934078,1.0558598,0.9947284,0.5881659,1.3232402,1.0245863,40.32601880877743
HPV44,0.9698193,1.1788019,0.8698624,1.0067548,1.3256201,1.2569714,0.4593109,0.8811419,0.7288036,1.0908633,1.1935949,1.0796392,1.0111833,0.5623825,1.3689405,1.0140939,41.14643176305375
HPV45,0.9479638,1.1737318,0.8985285,1.0171265,1.2986918,1.3126253,0.5011072,0.8494922,0.7326463,1.1128484,1.1403611,1.1062931,1.0548496,0.5456088,1.3181798,1.0017938,39.6284041740901
HPV47,0.9665357,1.0600033,1.1105314,0.9045737,1.3438175,1.0576703,0.4689539,1.0076324,0.9669933,1.0204908,1.1736117,0.8808712,0.8165862,0.8750492,1.1159114,1.1993478,41.988092156355165
HPV48,1.0014622,1.0443362,1.1334665,0.8879168,1.1458318,1.1760021,0.4810344,1.0942721,1.1077059,1.0759980,0.9699481,0.8683684,0.8512726,0.8117005,1.1555979,1.1519206,36.76056338028169
HPV49,0.9603275,1.0236887,1.0989959,0.9482893,1.2284264,1.1769971,0.4786655,1.0374145,0.9804955,1.0518044,1.1251231,0.8866495,0.9038622,0.8077193,1.1467912,1.1242293,41.111111111111114
HPV50,1.0045741,1.0274272,1.0857048,0.9246161,1.1756629,1.2024277,0.4468888,1.0654360,1.0814304,1.1586007,0.9480896,0.8615474,0.8464008,0.7571626,1.2459649,1.1334568,36.83184855233853
HPV51,0.9755818,1.1880278,0.8777121,0.9953465,1.3629382,1.2258248,0.4884773,0.8447707,0.7314267,1.1555015,1.1620001,1.0687128,0.9884440,0.5639541,1.3246306,1.0521809,39.07530737704918
HPV52,0.9738535,1.1805103,0.9240668,0.9681876,1.3164740,1.2597722,0.4497641,0.8767918,0.7388676,1.0719942,1.1577567,1.1304602,1.0137809,0.5923633,1.3153682,1.0194898,38.655250566607904
HPV53,0.9674226,1.1579063,0.9100893,0.9973375,1.3100882,1.2708659,0.4565697,0.8963832,0.7387089,1.0938650,1.1327460,1.1151370,1.0229103,0.5945399,1.3459254,0.9869006,40.132332357806334
HPV54,0.9251284,1.1622185,0.9282325,1.0229994,1.3148551,1.3094109,0.4192137,0.9052811,0.7223901,1.1247917,1.1883759,1.0604849,1.0779665,0.5129926,1.3354254,0.9931162,41.861064570176566
HPV56,0.9674319,1.2070998,0.9051492,0.9837251,1.3440592,1.2640900,0.4654589,0.8523038,0.7536598,1.1206817,1.0923505,1.1328638,1.0115663,0.5414636,1.3414416,1.0093333,37.93499043977055
HPV57,0.9270252,1.0522249,0.9783836,1.0451921,1.2827325,1.1773753,0.5882014,0.9815678,0.9013456,1.0156142,1.0780780,1.0025360,0.9084189,0.7615240,1.3334702,0.9677123,50.06996565322478
HPV58,0.9678192,1.2059540,0.9063756,0.9745366,1.3328965,1.2022565,0.4757626,0.8813960,0.7925795,1.1375377,1.1058063,1.0670888,0.9771884,0.5725510,1.3349072,1.0519250,37.88343558282209
HPV59,0.9893362,1.1870093,0.9421328,0.9361902,1.3006824,1.2632023,0.4764055,0.8762727,0.8064184,1.1025385,1.0501835,1.1071531,0.9590898,0.5686451,1.3482944,1.0713103,38.63981762917933
HPV60,1.0037046,1.0133851,1.0701040,0.9416666,1.1321790,1.2347662,0.5280890,1.0332117,1.0886250,1.0642404,1.0368188,0.8402944,0.8615835,0.8087181,1.1663102,1.1522378,36.96157527690414
HPV61,0.9717345,1.1655157,0.9026952,0.9831172,1.3451629,1.2739689,0.4833326,0.9164839,0.7647035,1.0886716,1.1412148,1.0305547,0.9674846,0.5422352,1.3765532,1.0536829,46.30116410063838
HPV62,0.9875889,1.1653151,0.8781974,0.9900810,1.2697034,1.3269923,0.4988039,0.9258644,0.7268485,1.1053308,1.1563703,1.0472714,1.0444251,0.4788954,1.3795608,1.0265017,46.04547701433515
HPV63,0.9895183,0.9854052,1.0649049,0.9717850,1.2124349,1.1300761,0.4998389,1.0724251,1.0180735,1.0634156,1.0266084,0.9211689,0.8627854,0.8852565,1.2282252,1.0434161,40.43277082199238
HPV65,1.0109209,0.9180187,1.1560880,0.9242335,1.1683875,1.2127131,0.4335050,1.1078263,1.1052039,1.0731024,1.0253594,0.8256742,0.8077712,0.9045076,1.1606991,1.1432182,39.42255062944718
HPV66,0.9598883,1.1919073,0.8869921,1.0114643,1.3391429,1.2913632,0.4541670,0.8594639,0.7318164,1.1039751,1.1884659,1.0900901,1.0357719,0.5565583,1.3000334,1.0060465,38.445807770961146
HPV67,0.9972092,1.1689957,0.9046846,0.9614453,1.2942452,1.3075468,0.4578392,0.8625773,0.7687791,1.0995078,1.1174435,1.1045004,0.9763620,0.5657765,1.3570799,1.0546289,38.48224586591463
HPV68,0.9373046,1.2887212,0.8275649,1.0067494,1.3239682,1.2064965,0.5234601,0.8718738,0.7330412,1.0533039,1.1375641,1.1503864,1.0538739,0.5174536,1.3924641,0.9649327,40.11761697775505
HPV69,0.9781326,1.2116143,0.9040237,0.9594593,1.3186554,1.2276266,0.4720252,0.8910916,0.7553620,1.0932936,1.1388950,1.1050848,0.9982813,0.5725024,1.3269470,1.0368518,38.76623376623377
HPV70,0.9168910,1.2212144,0.9050779,1.0127691,1.3564203,1.2097637,0.4841616,0.8675387,0.7182852,1.1213808,1.1722813,1.0920689,1.0639766,0.5375971,1.3100752,1.0053194,40.32890575585073
HPV71,0.9650813,1.1705435,0.9363117,0.9638824,1.3234130,1.2664743,0.5106993,0.8984682,0.7309636,1.1433566,1.1068833,1.0708771,1.0266393,0.5121703,1.3329799,1.0490124,44.38223217618514
HPV72,0.9876962,1.1452272,0.9433412,0.9500030,1.3360984,1.2203404,0.4992522,0.9457445,0.7700745,1.0998018,1.1132352,1.0462326,0.9533959,0.6014510,1.3427584,1.0500995,45.66278633120541
HPV73,0.9607449,1.2892734,0.9036745,0.9480156,1.3506674,1.2624896,0.4306204,0.8432156,0.7540465,1.0247171,1.1136857,1.1832856,1.0120708,0.5240909,1.3412012,1.0233427,36.246753246753244
HPV74,0.9882898,1.1534675,0.9138954,0.9678989,1.2976509,1.2178802,0.4679201,0.9290738,0.6964930,1.1320647,1.2037143,1.0750414,1.0262061,0.5967933,1.3074828,1.0279520,41.00418410041841
HPV75,0.9766423,1.0222642,1.0394519,0.9793921,1.2795227,1.1804818,0.4978988,0.9681340,0.9943401,1.0208491,1.1424374,0.8752114,0.8383721,0.8338861,1.1827181,1.1488249,41.34270930078281
HPV76,0.9483491,0.9883597,1.0994114,0.9854939,1.2615468,1.2653138,0.4645637,0.9551821,0.9960479,1.0091185,1.1167988,0.9014051,0.8791231,0.8168984,1.1657595,1.1308454,41.64790038415684
HPV77,0.9581042,1.1839813,0.9313418,0.9619177,1.2976970,1.1879450,0.5551367,0.9667451,0.8784461,1.0354506,1.0695119,1.0299636,0.9219103,0.6378295,1.3519450,1.0350457,45.99974641815646
HPV78,0.9283695,1.1983992,0.9477192,0.9672780,1.3577369,1.1980784,0.5604690,0.8876208,0.8706230,1.0138262,1.0728058,1.0545736,0.9174537,0.6349902,1.3234612,1.0680854,45.466155810983395
HPV80,0.9455611,1.0508703,1.1396519,0.9216603,1.2634059,1.1925785,0.4877397,0.9759099,1.0314816,1.1128708,1.0339002,0.8676668,0.8709540,0.7319324,1.1409819,1.2058344,39.80072707688165
HPV81,0.9901265,1.1516782,0.9076033,0.9772683,1.3071328,1.3094010,0.4573998,0.9359548,0.7155379,1.1434994,1.1672783,1.0283175,1.0276765,0.4958843,1.3495513,1.0458422,44.78314745972739
HPV82,0.9904696,1.2071135,0.8493118,0.9820257,1.3478335,1.2562861,0.4825851,0.8478926,0.7194171,1.1512650,1.1782209,1.0621582,0.9834469,0.5159135,1.3618459,1.0728767,40.19059720457433
HPV83,0.9387351,1.1375698,0.9407348,1.0056634,1.2712767,1.2992335,0.5064621,0.9359347,0.7327237,1.0812377,1.1315080,1.0844300,1.0848362,0.5526674,1.3331011,0.9697598,45.86623889437315
HPV84,1.0193799,1.0901426,0.9037917,0.9967746,1.2718330,1.3332881,0.5201658,0.9027777,0.7029491,1.0895364,1.1885711,1.0462577,1.0318723,0.5642361,1.3073525,1.0395058,46.43935581278309
HPV85,0.9148443,1.2257335,0.9099529,1.0157709,1.2998162,1.2396582,0.4650643,0.8945046,0.8037249,1.0779396,1.1168951,1.0853637,1.0435459,0.5662024,1.3338716,0.9895336,37.74961597542243
HPV86,0.9558743,1.0943756,0.9409200,1.0230383,1.2976786,1.3168951,0.4820724,0.9183687,0.7417333,1.0715372,1.1701131,1.0475442,1.0401746,0.5906879,1.3160483,0.9992290,45.922585494175124
HPV87,0.9619160,1.1384366,0.9261546,0.9949136,1.2837228,1.3276846,0.4667402,0.9342601,0.7321756,1.0563067,1.1913838,1.0553460,1.0549084,0.5596950,1.3158786,1.0075273,45.21815226903363
HPV88,1.0561779,0.9042764,1.0575500,0.9601366,1.0917772,1.2666724,0.4908916,1.1070676,1.0761761,1.0772343,1.0522772,0.8296187,0.8244982,0.8736044,1.2280109,1.0993505,40.117390117390116
HPV89,0.9134825,1.1714219,0.8921333,1.0413186,1.2786795,1.3088582,0.4919714,0.9272614,0.7294051,1.0958604,1.1822199,1.0276681,1.0993593,0.4948166,1.3569761,0.9939814,46.13765783609804
HPV90,0.9739470,1.1368026,0.9207592,0.9841082,1.2901974,1.2542119,0.4947623,0.9579054,0.7624735,1.0742755,1.1467776,1.0402988,0.9981169,0.5859638,1.3667044,1.0147009,46.66998630648575
HPV91,0.9662601,1.1469226,0.9720063,0.9642893,1.3803080,1.2171775,0.4842669,0.8486742,0.7443964,1.2059809,1.0620747,1.0942350,0.9868128,0.5516383,1.3099160,1.0630431,40.246045694200355
HPV92,0.9843502,1.0064749,1.1094289,0.9260236,1.2372741,1.2375113,0.4569730,1.0153522,1.0095803,1.0810480,1.1157154,0.8426497,0.8616957,0.7780688,1.1213888,1.2021841,39.967832730197024
HPV93,1.0019165,0.9875616,1.0911887,0.9347004,1.2760892,1.2353108,0.4375590,0.9685941,0.9916417,1.0536421,1.1055553,0.8955726,0.8319861,0.8237075,1.1670910,1.1748530,39.369127516778526
HPV94,0.9704951,1.0964513,0.9445961,1.0045686,1.3264605,1.1599071,0.5719288,0.9481681,0.8903520,1.1055695,1.0282729,1.0012244,0.8763632,0.6785468,1.3663326,1.0337237,46.23778708285751
HPV95,1.0062285,0.9446299,1.1097510,0.9473128,1.1873973,1.2352496,0.4348630,1.0647082,1.1057229,1.0134823,1.0780898,0.8194517,0.7999858,0.9069736,1.1697012,1.1505013,39.10317568488483
HPV96,0.9949110,1.0048775,1.1239728,0.9030504,1.2255188,1.2499590,0.4671405,1.0176552,1.0357813,1.0048561,1.1175102,0.8620359,0.8348670,0.8331204,1.1019621,1.2087184,40.30653401452003
HPV97,0.9677378,1.2197099,0.9146957,0.9632393,1.3017839,1.2168333,0.5078080,0.8819980,0.7551792,1.1106016,1.0904111,1.1299753,1.0179836,0.5777795,1.3116903,1.0220030,37.43465510646436
HPV98,0.9770287,0.9559277,1.0739875,0.9948647,1.2675927,1.2696611,0.5677171,0.8760500,0.9485306,1.0660466,1.0723101,0.9539221,0.8883280,0.8110611,1.1493805,1.1276957,41.427806054111976
HPV99,1.0237941,1.0118939,1.0365739,0.9350415,1.3053216,1.0754235,0.5568250,0.9710330,0.9740384,1.0611743,1.1061649,0.8952001,0.7737194,0.8818811,1.1936001,1.1789171,42.3096908287867
HPV100,0.9813296,1.0117481,1.0761639,0.9537922,1.2069560,1.2486477,0.5208393,0.9814807,0.9843677,1.0796206,1.0781896,0.9075268,0.9027231,0.7666160,1.1578039,1.1347660,39.83739837398374
HPV101,0.9991413,1.0518081,0.9314525,1.0216488,1.2210646,1.2569033,0.4926269,1.0136916,0.8245308,1.1166209,1.2262995,0.9103852,0.9892966,0.6700254,1.2404787,1.0429224,43.10511089681774
HPV102,0.9683764,1.1655393,0.9223367,0.9727006,1.3396271,1.2656047,0.4875635,0.9041557,0.7493986,1.0988372,1.1260671,1.0660107,0.9892432,0.5373145,1.3665350,1.0441626,45.28348601138896
HPV103,0.9810944,1.0846518,1.0039224,0.9591338,1.2389134,1.1897009,0.4465117,1.0609445,0.8480716,1.1243100,1.1734050,0.9404039,0.9801250,0.6842323,1.2287657,1.0506515,41.566845656064984
HPV104,0.9783042,0.9488185,1.1591522,0.9359349,1.2468142,1.1183894,0.4303237,1.0838411,1.0159743,1.1090457,1.0822583,0.8524560,0.8586832,0.9009926,1.1140793,1.1311962,39.534253994042786
HPV105,1.0085210,0.9796005,1.0684997,0.9485061,1.2769028,1.1367451,0.5296934,0.9849601,0.9673738,1.0423913,1.1295185,0.8957227,0.8084042,0.8845515,1.1687048,1.1573739,42.989435241946005
HPV106,0.9412776,1.1623386,0.9048400,1.0112889,1.3292813,1.2273439,0.5247878,0.9181740,0.7624635,1.1200016,1.1645416,0.9875930,1.0042293,0.5286456,1.3449710,1.0697895,46.8823895457374
HPV107,0.9950274,1.0012038,1.0881198,0.9325468,1.2382144,1.2040165,0.5111574,0.9804272,0.9783616,1.1232842,1.0755668,0.8790508,0.8590455,0.7582992,1.1735220,1.1896339,41.073790002644806
HPV108,1.0241144,1.0775056,0.9556854,0.9584752,1.2180498,1.2604119,0.5057899,1.0004126,0.8286771,1.0798459,1.1634016,0.9880711,0.9635735,0.6762283,1.2532677,1.0525993,42.61538461538461
HPV109,1.0170264,0.9889699,1.0926511,0.9244876,1.2293961,1.2138387,0.4158230,1.0421425,1.0329771,1.1200997,0.9952044,0.8976189,0.8257420,0.8050551,1.2436889,1.1266975,38.29294854342499
HPV110,0.9785939,1.0073154,1.1049396,0.9380742,1.2460157,1.1071273,0.5110020,1.0402519,0.9851734,1.1855246,1.0117818,0.8911048,0.8795384,0.7808507,1.1824276,1.1284435,39.997305671561364
HPV111,0.9624175,1.0296618,1.1092743,0.9393508,1.2245866,1.1938580,0.4886545,1.0111116,0.9943852,1.0851500,1.0537683,0.9091162,0.8967912,0.7732030,1.1749266,1.1312467,40.197671269970215
HPV112,1.0287385,1.0212340,1.0438242,0.9276958,1.2187368,1.1568495,0.5600976,0.9620933,1.0288205,1.1556943,0.9898365,0.8817542,0.8211457,0.7817008,1.2167743,1.1796788,37.52594437525944
HPV113,0.9752735,1.0124951,1.1039325,0.9388705,1.2322088,1.1227198,0.4729684,1.0600054,1.0005010,1.1224672,1.0588061,0.8726568,0.8719170,0.8102926,1.1926309,1.1246444,40.339989206691854
HPV114,0.9780474,1.1000492,0.9124606,1.0218563,1.2790255,1.3252174,0.4925823,0.9260960,0.7600664,1.0865787,1.1653888,1.0218367,1.0185277,0.5801284,1.3274671,1.0149875,45.41511771995043
HPV115,0.9501954,1.0755319,1.0500102,0.9635422,1.2861097,1.2075646,0.4953692,0.9502614,0.9592685,0.9689297,1.1746638,0.9186881,0.8939266,0.7932154,1.1429177,1.1475822,41.65329052969503
HPV116,0.9934815,1.0575156,1.0506025,0.9386956,1.2212097,1.2225205,0.4941535,1.0035960,1.0381448,1.0263189,1.0357823,0.9183773,0.8532257,0.7958624,1.2094123,1.1200052,38.516146993318486
HPV117,0.9231042,1.1897417,0.9389234,0.9881051,1.2920373,1.1491438,0.5771659,0.9830666,0.8748643,1.0379285,1.0757871,1.0283761,0.9707700,0.6523152,1.3213877,0.9972953,45.927802406586444
HPV118,0.9827012,0.9782746,1.0620277,0.9845598,1.2261632,1.2369904,0.5201981,0.9609702,0.9754494,1.1292104,1.0450145,0.9046011,0.8848957,0.7618054,1.2227264,1.1176465,40.84507042253521
HPV119,1.0648894,1.0346792,1.0695316,0.8635894,1.1423054,1.1876543,0.5278881,1.0548768,0.9935885,1.1069891,0.9886677,0.9507913,0.8508479,0.7825652,1.2061597,1.1491610,37.52585850227555
HPV120,0.9938774,0.9860712,1.0389845,0.9861682,1.1847043,1.2184900,0.5870350,0.9663733,1.0233606,1.1111733,1.0100617,0.8945260,0.8693452,0.7899287,1.2128787,1.1198795,39.77272727272727
HPV121,1.0241282,1.0343380,1.0556862,0.9156215,1.2103955,1.2315409,0.3742692,1.0708866,0.9947813,1.0533557,1.1116070,0.8957730,0.8550496,0.7924561,1.2225190,1.1243242,37.74175973849088
HPV122,0.9647397,1.0266157,1.0988128,0.9432953,1.2803598,1.1182943,0.5195898,0.9852059,0.9842723,1.0924710,1.0499433,0.9180106,0.8667291,0.8196913,1.1655887,1.1388821,40.46234960118967
HPV123,1.0146412,0.9658371,1.1073958,0.9278299,1.2328774,1.1688249,0.3983178,1.0817932,1.0007576,1.1167788,1.0767248,0.8781536,0.8484665,0.8565287,1.1816332,1.1146446,38.477282030290624
HPV124,0.9753786,1.0217024,1.0623757,0.9646879,1.2169610,1.2117497,0.5212876,0.9829957,0.9812632,1.0359347,1.0907145,0.9288224,0.8972796,0.8095259,1.1785530,1.1046843,40.205634931232474
HPV125,0.9792607,1.1364738,0.9309671,0.9755883,1.3520119,1.1608201,0.5478600,0.9305673,0.8706616,1.0550491,1.0602848,1.0328448,0.8543086,0.6747179,1.3856191,1.0516698,46.39518504289922
HPV126,0.9979811,0.9791459,1.0824454,0.9570090,1.1783766,1.1740596,0.5655758,1.0049850,1.0657924,1.1007851,1.0016489,0.8699327,0.8530482,0.8517702,1.1636184,1.1324679,38.042588042588044
HPV127,1.0371426,0.9987599,1.0796724,0.9086453,1.1605128,1.2539516,0.4645635,1.0438763,1.0543181,1.1017967,0.9980409,0.8882647,0.8370211,0.7924715,1.2098390,1.1479568,36.98649213201504
HPV128,1.0923335,0.9871771,1.0341844,0.8882394,1.1825824,1.2443945,0.4628648,1.0140407,1.0191339,1.1014468,1.0094449,0.9205047,0.7926863,0.8208901,1.2432496,1.1608987,35.98291775726684
HPV129,0.9922176,1.0872151,1.0947646,0.8946577,1.2325111,1.1873866,0.4538122,1.0113783,1.0338276,1.0762981,0.9668007,0.9433562,0.8537348,0.7497684,1.2283990,1.1455012,37.290483446460726
HPV130,1.0421351,1.0056603,1.1045333,0.8790531,1.1912435,1.2203063,0.3810417,1.0930604,1.0310302,1.1310922,1.0230618,0.8789661,0.8271028,0.7839120,1.2069385,1.1661324,36.992420140768814
HPV131,1.0338157,0.9756924,1.0644462,0.9348252,1.1872247,1.1893967,0.4115898,1.0989970,1.0288249,1.1154085,1.0208981,0.8927853,0.8448571,0.8477188,1.2319561,1.0878120,37.03703703703704
HPV132,0.9851738,1.0234793,1.0566387,0.9633122,1.1940591,1.2633567,0.4738043,1.0132696,1.0379555,1.1173884,1.0497129,0.8562256,0.8786575,0.7439897,1.2018375,1.1334692,37.93684210526316
HPV133,1.0203612,1.0117171,1.1007772,0.9043953,1.2095529,1.1809661,0.3428940,1.1159137,1.0291653,1.1004506,1.0228937,0.8985878,0.8424504,0.8208404,1.2382978,1.1073691,37.11606414786627
HPV134,0.9862223,1.0209480,1.1455842,0.8978388,1.2015580,1.1895819,0.3282225,1.1576550,1.0253077,1.0686314,1.0229772,0.9165033,0.8806279,0.8189646,1.2067294,1.0841232,38.14475304419209
HPV135,1.0113526,1.0448779,1.0734968,0.9125275,1.2243511,1.1589728,0.4274110,1.0451067,1.0465557,1.0420686,1.0465273,0.8946512,0.8298210,0.8339193,1.2096050,1.1415699,36.843548608254494
HPV136,0.9820899,0.9773458,1.1018408,0.9625540,1.1819626,1.2132495,0.5517988,0.9889487,1.0830594,1.1221144,0.9342222,0.8818016,0.8511004,0.8117085,1.2069103,1.1290459,38.516190736439405
HPV137,1.0509867,1.0216015,1.0551948,0.8953078,1.1249925,1.1791910,0.4886489,1.1078742,1.0321190,1.1270450,1.0074598,0.8849591,0.8498318,0.7875250,1.2307529,1.1296521,37.57600884466556
HPV138,0.9971036,1.0210838,1.0685141,0.9406300,1.1928775,1.1514941,0.4646720,1.0852195,1.0170443,1.0914389,0.9899729,0.9342713,0.8733376,0.8215931,1.2587618,1.0584412,38.990888072895416
HPV139,1.0318335,0.9702318,1.0886112,0.9199227,1.1757488,1.1793208,0.4841808,1.0689067,1.0394084,1.1345728,0.9857316,0.8861379,0.8295341,0.8273749,1.2300124,1.1254947,38.89945652173913
HPV140,0.9857356,1.0433207,1.0774909,0.9319724,1.1471698,1.2289192,0.5492400,1.0300545,1.0877723,1.0463369,0.9944720,0.8834983,0.8584351,0.7788836,1.2031993,1.1382790,39.72210870453617
HPV141,0.9996564,1.0019422,1.0632852,0.9575130,1.1734238,1.2612273,0.4709467,1.0233481,1.0905489,1.0146414,1.0456343,0.8651604,0.8400954,0.8396048,1.2059811,1.1212552,37.730227518959914
HPV142,1.0141256,1.0111993,1.0922016,0.9165877,1.1928224,1.2536039,0.3843982,1.0605368,1.0436593,1.0651034,1.0394179,0.8896139,0.8467133,0.8028616,1.2137195,1.1340682,36.981285598047194
HPV143,0.9866921,1.0187237,1.0447229,0.9611777,1.2975323,1.0396516,0.5651104,1.0083010,0.9602637,1.0680586,1.1514266,0.8632096,0.8266129,0.8899674,1.1418004,1.1582630,42.968243681140635
HPV144,0.9759921,1.0507023,1.0599625,0.9546192,1.2018647,1.1268027,0.5012030,1.0597859,1.0127161,1.1428948,1.0197923,0.8873582,0.8982952,0.7714814,1.2126491,1.0936990,38.23408059414111
HPV145,0.9365323,1.0432939,1.1237204,0.9442706,1.2920262,1.2290056,0.4686387,0.9349135,0.9847034,1.0635771,1.0699834,0.9196141,0.8887253,0.7463372,1.1578677,1.1726024,40.55593220338983
HPV146,1.0287286,1.0037322,1.0735728,0.9208489,1.1855497,1.1811407,0.4593028,1.0411824,1.0415577,1.1184874,1.0277207,0.8737873,0.8411860,0.8232605,1.1965583,1.1434655,36.09084652443221
HPV147,1.0240799,1.0142840,1.0706686,0.9192623,1.2156672,1.1279805,0.5014716,1.0309750,1.0171352,1.1312265,0.9761682,0.9193556,0.8360841,0.8226972,1.2326175,1.1219700,37.832225913621265
HPV148,1.0055720,1.0444197,1.0439497,0.9381943,1.2000784,1.1450818,0.5300614,1.0188413,1.0206093,1.1846068,0.9672302,0.8953318,0.8667945,0.7458891,1.2425013,1.1251800,37.42322724734785
HPV149,1.0325224,0.9650358,1.0984751,0.9167515,1.1838097,1.1309168,0.4504823,1.1090406,1.0093535,1.1429591,1.0094408,0.8993148,0.8491105,0.8608637,1.2145158,1.0943480,38.401745533887905
HPV150,0.9924549,0.9890369,1.1210508,0.9206526,1.2013180,1.1980836,0.4711929,1.0667910,1.0170748,1.0948305,1.1132319,0.8338962,0.8716501,0.8164217,1.1004871,1.1776712,39.69876277568585
HPV151,0.9747447,0.9889687,1.0687869,0.9815502,1.2161003,1.2448896,0.5418108,0.9546258,1.0334875,1.0629155,1.0211853,0.9071123,0.8661619,0.8069489,1.1978254,1.1207586,39.791497427565666
HPV152,0.9640015,1.0044138,1.0881638,0.9682410,1.2572100,1.1898384,0.5195897,0.9559927,0.9738278,1.0816616,1.0931122,0.9030574,0.8862896,0.8050465,1.1535405,1.1400949,40.54812834224599
HPV153,0.9970345,1.0286360,1.0664175,0.9434502,1.2037754,1.1641412,0.4972619,1.0203530,1.0303037,1.0707173,1.0498688,0.8924099,0.8662333,0.8295338,1.1822719,1.1207342,37.22375690607735
HPV154,1.0162788,0.9914917,1.0541263,0.9518985,1.1897900,1.2470578,0.5090612,0.9778693,1.0626617,1.0028122,1.0700089,0.8825300,0.8263107,0.8601154,1.1889006,1.1437811,37.93576722481471
HPV155,1.0143667,1.0124173,1.0990612,0.9062871,1.2507777,1.1492698,0.4134839,1.0526063,1.0188377,1.0681668,1.0217899,0.9251872,0.8256969,0.8528810,1.2137575,1.1258611,37.894450489662674
HPV156,1.0205155,1.0103770,1.1250858,0.8915732,1.2224314,1.2538438,0.4164711,0.9986615,1.0918730,0.9927999,0.9520869,0.9328406,0.7989248,0.8571618,1.2068059,1.1628756,36.176310043668124
HPV157,1.0161902,1.0877443,1.0177499,0.9195315,1.2074960,1.1145836,0.5615398,1.0059206,1.0322892,1.1230795,0.9681639,0.9156934,0.8388203,0.7516770,1.2562024,1.1446879,37.62929829466033
HPV158,1.0312110,1.0565765,1.0591197,0.8921713,1.1530907,1.1820234,0.5403859,1.0574968,1.0509253,1.0807719,0.9806938,0.9105568,0.8411485,0.7773288,1.2140758,1.1477279,38.181312569521694
HPV159,0.9692453,1.0369145,1.0925436,0.9360843,1.2120075,1.1535661,0.5168808,1.0371373,0.9756940,1.0762899,1.0394535,0.9455539,0.9100394,0.7952244,1.1902078,1.0906302,40.65564960365444
HPV160,0.9537539,1.1336192,0.9273149,1.0053984,1.3098632,1.1467392,0.5692968,0.9714119,0.8872457,1.0499325,1.0557476,1.0210439,0.8934836,0.6909812,1.3849998,0.9987979,47.049749325106056
HPV161,1.0121793,0.9727898,1.1006749,0.9320927,1.1884081,1.2793972,0.4348524,1.0278394,1.0509269,1.0890899,0.9749059,0.9122227,0.8450212,0.8093224,1.2289357,1.1181249,37.73141751865156
HPV162,1.0260119,1.0032263,1.0888947,0.9068145,1.1356318,1.2455136,0.4887739,1.0731894,1.0684268,1.0484988,0.9854129,0.9092477,0.8480793,0.8248937,1.2019811,1.1222177,37.73218741336291
HPV163,1.0006059,1.0752257,1.0604399,0.9128774,1.1617382,1.1799870,0.4826900,1.0775452,1.0337234,1.0006987,1.0082021,0.9571429,0.8828767,0.8129328,1.2270482,1.0800159,37.702198257984236
HPV164,1.0187281,1.0416740,1.0657262,0.9076472,1.1427140,1.1937560,0.5598306,1.0308551,1.0158677,1.1505485,0.9768787,0.9086859,0.8831551,0.7336475,1.2069569,1.1465039,37.95105765242638
HPV165,0.9909123,1.1333438,1.0540013,0.8930819,1.2103913,1.1499264,0.5345062,1.0053233,1.0497513,1.0260958,1.0040638,0.9284920,0.8520880,0.7499604,1.2134747,1.1606540,38.0418010941226
HPV166,1.0300231,1.0212628,1.0455742,0.9217314,1.2050901,1.2393562,0.4870089,1.0109714,1.0333927,1.0622162,1.0306708,0.9068663,0.8269331,0.7933509,1.2222981,1.1455498,38.28341652800887
HPV167,1.0173919,0.9919685,1.1317521,0.9017959,1.1758582,1.2153233,0.4269431,1.0656119,1.0853861,1.1588455,0.9997028,0.8263634,0.8344977,0.7957311,1.1569088,1.1827363,35.832872163807416
HPV168,1.0234117,0.9967215,1.0897649,0.9140372,1.2152146,1.2163832,0.5587180,0.9345998,0.9793298,1.1538741,0.9793586,0.9491062,0.8646679,0.7756356,1.1677728,1.1668919,37.15991116046641
HPV169,1.0269782,0.9822008,1.0897126,0.9202005,1.0926983,1.2147067,0.4921207,1.1183664,1.0516256,1.0936016,0.9894934,0.8981099,0.8832218,0.8322116,1.2035126,1.0857020,37.6861555432984
HPV170,0.9950264,1.0253914,1.1173416,0.9090275,1.2348537,1.1144770,0.4135683,1.0865619,1.0218596,1.1230846,1.0443604,0.8757959,0.8558844,0.8227572,1.1807995,1.1323071,37.858972630443574
HPV171,1.0080967,0.9943826,1.1098992,0.9226692,1.0723733,1.2442464,0.5235603,1.0927813,1.0842368,1.0877066,0.9330419,0.9034097,0.8963072,0.8110280,1.1922236,1.0943066,36.92328880319515
HPV172,0.9934855,1.0891203,1.0446599,0.9238008,1.1317380,1.1499943,0.5195594,1.0880752,1.0828792,0.9531767,0.9809197,0.9449133,0.8719989,0.8392210,1.2559275,1.0683424,37.762043592947386
HPV173,1.0241294,1.0107272,1.0771108,0.9157375,1.1602858,1.2591410,0.4793209,1.0157269,1.0414866,1.0651575,0.9929378,0.9219562,0.8540486,0.7986454,1.2153059,1.1361905,36.67260518021104
HPV174,0.9600866,1.0046107,1.1232012,0.9444187,1.2106253,1.2449579,0.4977732,0.9927296,1.0076059,1.0768155,1.0653368,0.8889473,0.9000295,0.7721230,1.1374943,1.1581289,40.2364451691806
HPV175,0.9971050,0.9808752,1.0718077,0.9642991,1.1775419,1.2978741,0.4726203,1.0073885,1.0219562,1.0781652,1.0357784,0.9046613,0.8797375,0.7858685,1.2166134,1.1012787,38.85967340160531
HPV176,1.0276415,1.0279879,1.0822103,0.9006925,1.2242624,1.1423139,0.4583820,1.0312591,1.0075015,1.0911925,1.0234740,0.9226536,0.8363573,0.8292599,1.2047683,1.1409005,37.03293661776917
HPV177,0.9710911,1.2168187,0.8977900,0.9649659,1.3001324,1.2279284,0.4043581,0.9457925,0.7246736,1.0451630,1.1987157,1.1259676,1.0300945,0.6063933,1.3357882,0.9862589,38.39657128450775
HPV178,1.0331803,0.9851082,1.0418874,0.9432162,1.1845622,1.1837157,0.5415237,1.0129839,1.0032990,1.1247030,0.9738826,0.9395501,0.8514748,0.8205437,1.2430627,1.0978742,38.159693738036644
HPV179,0.9770883,0.9987647,1.0900570,0.9671857,1.2324658,1.1648977,0.4898812,0.9869935,1.0520317,1.1403117,1.0110490,0.8545384,0.8589497,0.8166357,1.1819567,1.1394151,36.77365799667958
HPV180,1.0226404,1.0260200,1.0743426,0.9124946,1.1715192,1.2405164,0.3409395,1.1193081,1.0519604,1.0477653,1.0859145,0.8588005,0.8478932,0.8112921,1.2157046,1.1257653,36.36487221315932
HPV181,1.0401927,1.0250360,1.0631462,0.8977287,1.1610597,1.2114691,0.4137527,1.0981861,1.0105152,1.0851250,1.0284507,0.9197021,0.8534846,0.7912233,1.2568497,1.1086264,37.72099447513812
HPV182,0.9348511,1.0571868,1.1379736,0.9290762,1.2217927,1.2438965,0.4830935,0.9917629,1.0333105,1.0723991,1.0208522,0.8983404,0.9065623,0.7161231,1.1578610,1.1686704,39.87324703344121
HPV183,1.0052618,1.0578502,1.0369641,0.9339397,1.2264222,1.1977318,0.4668093,1.0125970,1.0109900,1.0101447,1.0076172,0.9743988,0.8534772,0.8117286,1.2669435,1.0842585,38.0730167444414
HPV184,1.0616153,1.0366015,1.0196800,0.9030020,1.1023372,1.2663232,0.4980316,1.0748174,1.0804002,1.0244065,1.0093116,0.8966993,0.8261508,0.8014688,1.2461483,1.1293553,36.89240851993446
HPV185,0.9888739,0.9990800,1.1278027,0.9065073,1.2276431,1.2514531,0.4769171,1.0055858,1.0115153,1.0863111,1.0611120,0.8802760,0.8559756,0.7638056,1.1407000,1.2051941,40.58301988178399
HPV186,0.9952465,0.9989389,1.0748018,0.9528887,1.2058620,1.1629829,0.4331953,1.0849650,1.0398656,1.1398009,0.9971130,0.8719034,0.8504275,0.8017107,1.2696138,1.0895020,39.15279469481662
HPV187,1.0135231,1.0897813,1.0173956,0.9196641,1.2122286,1.0941833,0.5050532,1.0698317,1.0111539,0.9991270,1.0758106,0.9331690,0.8488072,0.8491140,1.2265767,1.0909702,38.91029168959824
HPV188,1.0226604,0.9464883,1.1047164,0.9354459,1.1875039,1.2856733,0.4268019,1.0254684,1.0747434,1.1472747,0.9482991,0.8722312,0.8186953,0.7934858,1.2521463,1.1396401,37.82881002087683
HPV189,1.0156168,1.0476075,1.0992593,0.8877106,1.1634606,1.1502851,0.4606284,1.1042152,1.0560300,1.0905477,0.9732083,0.9065232,0.8513633,0.8020933,1.2168846,1.1266278,37.414594151407485
HPV190,0.9700024,1.0510553,1.0682501,0.9481730,1.2147637,1.0825604,0.5640704,1.0373328,1.0018617,1.0860983,1.0397575,0.9132360,0.8934707,0.8256322,1.1735195,1.0999119,39.75257731958763
HPV191,1.0087310,0.9744318,1.1086648,0.9310280,1.2211550,1.2872031,0.3495898,1.0468053,1.0579017,1.0762651,1.0369232,0.8682099,0.8283513,0.8159713,1.2181181,1.1387327,37.384573601303636
HPV192,0.9731711,1.0289249,1.0782991,0.9639519,1.2247926,1.1816299,0.4420565,1.0113673,1.0995254,1.0498842,1.0080084,0.8565519,0.8431185,0.8373686,1.2150003,1.1240208,36.15405853119823
HPV193,1.0262226,0.9699446,1.0976659,0.9183383,1.2425907,1.1563111,0.4136668,1.0583735,1.0251595,1.1142918,0.9799210,0.9189863,0.8076778,0.8589313,1.2563919,1.1135050,38.377789874795866
HPV194,0.9691197,1.1178881,1.0774192,0.9080141,1.2522266,1.1354121,0.4257358,1.0411605,1.0237546,0.9769116,1.0302306,0.9668412,0.8660836,0.8041700,1.2394812,1.0993906,38.18181818181818
HPV195,0.9546866,0.9863594,1.1174534,0.9672351,1.2461594,1.1984218,0.4879776,0.9872130,0.9837411,1.0493114,1.0930046,0.9114037,0.8944650,0.8403967,1.1441959,1.1172709,40.8112035936055
HPV196,0.9542655,0.9928023,1.0912437,0.9859171,1.2410028,1.2453004,0.5171306,0.9342699,0.9751539,1.0846312,1.0798001,0.9117874,0.9115644,0.7819994,1.1530126,1.1277014,39.973333333333336
HPV197,1.0053987,1.0440333,1.0145105,0.9557345,1.2271553,1.1330888,0.5328042,1.0119029,1.0145105,1.1544090,1.0251960,0.8654675,0.8383372,0.7516234,1.2611098,1.1429743,39.47513053036548
HPV199,1.0213032,1.0385493,1.0832385,0.9040501,1.1670826,1.2185539,0.4714451,1.0462590,1.0465551,1.1744034,0.9752070,0.8714507,0.8570505,0.7307634,1.2132405,1.1585726,36.511692650334076
HPV200,1.0468294,0.9858077,1.1013206,0.8923280,1.1534967,1.1516477,0.4460445,1.1152400,1.0494938,1.1398914,0.9723380,0.8859081,0.8316158,0.8398054,1.2186974,1.1254507,36.96230909345663
HPV201,0.9875800,1.0296478,1.0889925,0.9354409,1.2237819,1.1182613,0.4588489,1.0615169,1.0377216,1.0810170,1.0839016,0.8522541,0.8574875,0.8438387,1.1572713,1.1376892,37.71773419284049
HPV202,1.0214121,0.9710859,1.0310760,0.9735261,1.1225176,1.3050789,0.5374812,1.0128025,1.0869777,1.0433458,0.9985524,0.8832659,0.8380661,0.8107471,1.2552819,1.1042787,39.4880174291939
HPV203,1.0110726,1.0458540,1.0901866,0.9004689,1.2310051,1.2492048,0.3075019,1.0924722,1.0640382,1.0042467,0.9982014,0.9281238,0.8140462,0.8092386,1.2902655,1.1060496,37.561041779707
HPV204,1.0021642,1.0550663,1.0960828,0.8989621,1.2292517,1.1894822,0.4135860,1.0501919,1.0325714,1.0846877,1.0344071,0.8894268,0.8415205,0.7712346,1.2091701,1.1600533,37.84419537844195
HPV205,1.0360768,1.0452031,1.0373508,0.9101478,1.1624222,1.2248800,0.4320599,1.0752710,1.0165205,1.0487272,1.0721132,0.9058903,0.8553703,0.7892383,1.2379748,1.1180672,37.476020827624005
HPV206,0.9932740,1.0103993,1.0955080,0.9197996,1.3118210,1.0848324,0.5005945,1.0042644,0.9534284,1.0440970,1.1110111,0.9269857,0.8140937,0.8883877,1.1693628,1.1501417,42.61510605276772
HPV207,1.0101111,0.9934456,1.0792801,0.9403035,1.1896511,1.1716356,0.4696607,1.0386528,1.1044773,1.1058374,0.9818551,0.8385298,0.8170072,0.8457995,1.2135390,1.1497805,36.0838967848765
HPV208,1.0130172,1.0381661,1.0690217,0.9120248,1.1891721,1.1509890,0.5366768,1.0249128,1.0360017,1.0252378,1.0068107,0.9400189,0.8433306,0.8466671,1.2059755,1.1236321,38.610462721406016
HPV209,0.9835054,1.0327515,1.1203208,0.9026667,1.2294661,1.1715279,0.4937728,1.0121271,0.9882899,1.1043163,1.0606187,0.8928197,0.8705379,0.7623814,1.1576971,1.1911153,40.35680497364509
HPV210,1.0437318,1.0144240,1.0212372,0.9309481,1.2002726,1.3019203,0.4205563,1.0215753,1.0254140,1.0690778,1.0462299,0.8998565,0.8215106,0.7661815,1.2731304,1.1317039,37.98177995795375
HPV211,1.0240598,1.0093600,1.0724325,0.9202016,1.1928800,1.1792103,0.4744508,1.0447355,0.9802703,1.1527979,1.0531282,0.8980946,0.8761796,0.7842162,1.1877301,1.1294682,37.63959740796911
HPV212,0.9997343,0.9929291,1.0507380,0.9698209,1.1727897,1.2916413,0.4829599,0.9993066,0.9942242,1.1281944,1.0700307,0.8807170,0.9017887,0.7481439,1.2007714,1.1160928,38.02719200887903
HPV213,0.9899984,1.1117864,0.9724925,0.9591368,1.2207851,1.1394358,0.5536104,0.9955200,0.9444606,1.1179359,1.0842464,0.9229747,0.9077544,0.7066645,1.2558884,1.1024921,39.79706877113867
HPV214,1.0238059,1.1340243,0.9465749,0.9313529,1.1854595,1.2660285,0.4895466,1.0444985,0.8574622,1.0776383,1.1565691,0.9728172,0.9680328,0.6246510,1.2625925,1.0651445,41.59304064156586
HPV215,1.0291789,1.0648698,0.9877059,0.9401998,1.2310197,1.2339005,0.4884165,0.9809213,0.9542243,1.1383862,1.0680771,0.9192436,0.8646877,0.6964807,1.2661697,1.1319745,38.65850264403006
HPV216,0.9928392,1.0250350,1.0881617,0.9324306,1.1904440,1.2130737,0.4397515,1.0558244,1.0571894,1.0913833,0.9782245,0.9014297,0.8603792,0.7905007,1.2349586,1.1101818,37.370385732061386
HPV219,1.0064976,1.0759646,0.9486840,0.9804723,1.2019785,1.1499928,0.5738271,0.9964467,0.9358059,1.1404813,1.1022366,0.9054714,0.9092215,0.7221003,1.2539059,1.0918271,39.68767585818796
HPV220,1.0444292,0.9196707,0.9945199,1.0166902,1.2150219,1.2788415,0.4820792,1.0300464,0.9864995,1.1071005,1.0929619,0.8560548,0.8116143,0.7871109,1.2982822,1.0866223,44.1539086844601
HPV221,1.0081043,1.0321638,1.0639697,0.9253404,1.2012895,1.2045744,0.3896511,1.1064080,0.9872508,1.0991103,1.1458280,0.8507353,0.8830808,0.7720977,1.1845682,1.1254990,38.752388752388754
HPV222,1.0367851,1.0563847,1.0427175,0.8986677,1.1490062,1.2765411,0.4609062,1.0511097,1.0613006,1.0449856,1.0192496,0.8959631,0.8354802,0.7538807,1.2414215,1.1519179,37.3745704467354
HPV223,1.0342373,1.0145362,1.0543332,0.9160351,1.1528820,1.2039993,0.5706925,0.9983191,1.0628187,1.1211477,0.9693126,0.8819259,0.8318665,0.7842024,1.2094315,1.1725663,37.0760071992247
HPV224,1.0434107,0.9797123,1.0215087,0.9503537,1.0969846,1.2066496,0.5630126,1.0712818,1.0726907,1.0647450,1.0564288,0.8467937,0.8463637,0.8559879,1.1977376,1.1147906,38.0893128715609
HPV225,0.9755230,1.0085729,1.1298631,0.9305317,1.2170759,1.1420662,0.4365047,1.0728537,1.0550928,1.1100766,1.0154405,0.8656713,0.8588420,0.8312668,1.1839001,1.1245377,38.224043715846996
HfrePV1,1.0017666,0.8955331,0.9694899,1.1476552,1.0901232,1.4089519,0.5134507,1.0090499,1.0055453,0.8414887,1.3361305,0.7804839,0.8897813,0.8483581,1.1854306,1.0783835,51.59934941718623
HfrePV2,1.0009808,0.8690597,1.0235293,1.1141798,1.1131540,1.4153627,0.5137366,0.9814471,1.0334858,0.8582663,1.2829188,0.7893353,0.8356348,0.8554987,1.1783809,1.1376824,51.58536585365854
LrPV1,1.0698147,0.9556832,1.1061119,0.8579726,1.2505006,1.1547128,0.5108359,1.0751636,0.9830123,1.0411529,1.0402487,0.9424449,0.7187943,0.8678259,1.2816479,1.1438226,47.44321632454755
LsmiPV1,0.8180551,1.0991175,0.9097655,1.1842563,1.0212107,1.1178727,0.8894702,0.9742966,0.9643514,0.9837603,1.0879114,0.9354800,1.2130704,0.7570396,1.1225760,0.9317637,57.513962852318485
LwPV1,1.0807841,0.8977272,1.0873550,0.9182880,1.1215993,1.2039429,0.4675298,1.1733043,1.0794036,1.0553596,1.1094645,0.7797964,0.7517947,0.9041762,1.2221003,1.1439222,44.241535590509194
LwPV2,1.0946225,0.9424619,1.0532104,0.8893976,1.1945157,1.1878194,0.4585236,1.1329164,0.9764738,1.1196507,1.0873432,0.8465049,0.7520110,0.7988191,1.3038374,1.1623038,45.15692640692641
LwPV3,1.1276920,1.0295583,1.0030233,0.8263471,1.2078736,1.0454793,0.6539371,1.1174631,0.9074973,1.1438774,1.0608540,0.8884860,0.7560650,0.7632570,1.2751420,1.1944931,50.488472059398205
LwPV4,1.0265812,1.0222979,1.0350877,0.9117061,1.1815611,1.1277927,0.5869340,1.1519535,0.9914051,1.0286068,1.1086510,0.8568680,0.8006787,0.8187256,1.2521957,1.1012238,51.09749872383869
LwPV5,1.0534757,1.0521462,1.0612548,0.8267246,1.2084273,1.2012039,0.5163221,1.1232072,1.0351431,0.9310727,1.1385808,0.8742513,0.7068496,0.8324396,1.2358735,1.2087861,49.77870346263994
LwPV6,0.9905261,1.0045255,1.0747498,0.9296565,1.3134393,1.1502815,0.4194002,1.1371357,0.9139158,1.0949746,1.1426550,0.8610308,0.8226876,0.7666345,1.2836105,1.0971015,48.15878819535126
LwPV7,0.9881221,1.0077304,1.0682530,0.9358753,1.3219447,1.1418732,0.4355799,1.1216741,0.9093087,1.0785787,1.1273031,0.8961525,0.8306132,0.7899450,1.2774104,1.0724833,47.78472765181131
LwiePV1,1.0541121,1.0053474,1.0936768,0.8546632,1.1885163,1.1605248,0.4463492,1.1488982,0.9920683,1.0722946,1.0994087,0.8679737,0.8020440,0.8092437,1.2362049,1.1595254,43.74370594159114
MaPV1,1.0143319,0.9870576,1.0546480,0.9432300,1.2049794,1.1840361,0.4765948,1.1250300,1.0258325,1.0361788,1.0446818,0.8975670,0.7788652,0.8184132,1.3556785,1.0520599,47.03805413887799
McPV2,0.9365700,1.0636404,1.0952432,0.9193540,1.1477966,1.2081556,0.4925017,1.1774769,1.0432721,0.9506998,1.0894826,0.9084542,0.9024333,0.8160968,1.2237529,1.0297493,46.809359212975274
MfPV1,0.9935901,0.9344876,1.0885544,0.9796708,1.2305191,1.1982451,0.5498499,0.9909000,0.9701502,1.0941457,1.1162822,0.8586822,0.8597111,0.8382675,1.1414191,1.1529370,43.68740115972588
MfPV2,0.9666863,0.9396040,1.0864334,1.0025288,1.1818130,1.2227448,0.5926215,1.0134070,1.0104591,1.0083410,1.1063182,0.8688669,0.8504486,0.8456707,1.1825067,1.1230250,48.742138364779876
MfPV3,1.0135294,1.1235473,0.9603222,0.9142667,1.3667030,1.1459002,0.5486726,0.9496578,0.7767042,1.1164849,1.0283036,1.0993973,0.8815455,0.6130420,1.4274590,1.0337169,48.79647132955262
MfPV4,1.0454939,1.0898742,0.9681918,0.9031290,1.3565679,1.1391374,0.5457029,0.9751267,0.8189522,1.1415854,1.0159869,1.0387316,0.8097019,0.6304511,1.4379456,1.0837800,49.144654088050316
MfPV5,1.0398734,1.0770012,0.9716772,0.9207384,1.3219661,1.1919239,0.5154125,0.9594435,0.8181559,1.1838013,1.0036090,1.0338422,0.8618942,0.5939412,1.4234618,1.0840842,46.20775969962453
MfPV6,1.0813274,1.0612966,0.9899164,0.8717217,1.3276695,1.1731332,0.5000902,1.0004961,0.8321309,1.1712638,0.9900238,1.0323693,0.7897650,0.6133476,1.4647957,1.1009769,47.9919425909606
MfPV7,1.0641531,1.0809823,0.9298468,0.9359661,1.4114601,1.1745910,0.4916902,0.9554717,0.7770205,1.1693137,1.0240847,1.0481498,0.7959548,0.5853340,1.5034631,1.0550208,49.13803795113481
MfPV8,1.0154724,1.0847622,0.9822041,0.9267901,1.3794417,1.2054698,0.5138190,0.9329643,0.8566592,1.1571371,0.9643521,1.0422351,0.7899874,0.5645742,1.4945613,1.0916408,49.05636795400575
MfPV9,1.1030196,1.1028558,0.9401174,0.8630313,1.3313193,1.1581588,0.5213533,0.9608142,0.7695316,1.2109616,1.0077936,1.0553351,0.8269284,0.5717597,1.4515761,1.1244693,46.01902854281422
MfPV10,1.0734919,1.0802214,0.9350753,0.9190618,1.3056220,1.1925654,0.5308244,0.9922589,0.8039367,1.1529506,1.0551594,1.0025428,0.8456914,0.5888841,1.4363354,1.0870484,48.851010101010104
MfPV11,1.0230760,1.0725844,0.9837822,0.9202676,1.4383316,1.1256524,0.5137187,0.9483782,0.7990945,1.1598188,1.0233655,1.0311101,0.7641870,0.6220309,1.4716222,1.1019481,50.349388570002496
MfuPV1,1.0536619,1.1154556,0.9359712,0.9055828,1.3250003,1.1738619,0.5536386,0.9416831,0.8019876,1.1598958,1.0240666,1.0434093,0.8530590,0.5823282,1.4251444,1.1058758,47.11319321347177
MfuPV2,1.0852430,1.0231469,0.9490079,0.9443925,1.3418652,1.1653920,0.5007783,1.0225610,0.7558304,1.1594943,1.0836806,1.0012038,0.8314760,0.6346203,1.4667441,1.0341332,50.81295767655455
MmPV1,1.0506248,1.1308988,0.9610065,0.8715425,1.4062112,1.1326451,0.5142997,0.9547747,0.8032840,1.1805024,0.9997517,1.0463023,0.7921435,0.5680582,1.4644448,1.1239205,48.044344793223715
MmPV2,1.0475142,1.0427730,0.9645415,0.9458687,1.2607886,1.2634819,0.5536795,0.9422215,0.7448935,1.1713219,1.0710315,1.0198105,0.9624266,0.5046842,1.4100338,1.0942091,50.444388014220415
MmPV3,0.9972952,1.0179748,1.0067736,0.9766485,1.3073588,1.2426796,0.5217996,0.9739020,0.8054188,1.1299534,1.0475306,1.0077844,0.8988623,0.5789074,1.4430080,1.0429228,52.04322444416842
MmPV4,1.0593498,0.9172256,1.0237056,0.9840592,1.1544391,1.2813587,0.4875360,1.0859738,0.9640722,1.0994952,1.1171028,0.8446994,0.8426821,0.7627956,1.2879576,1.0918243,46.16109913793103
MmPV5,1.0036097,0.9521794,1.1024871,0.9474440,1.2107347,1.1965973,0.4764758,1.0661274,1.0227412,1.1283212,1.0083012,0.8896310,0.8477938,0.8294929,1.2120202,1.0983435,40.64524838012959
MmPV6,1.0162614,1.0316488,0.9978711,0.9535825,1.2895610,1.2052006,0.5550162,0.9962294,0.7914150,1.1250837,1.0171278,1.0641511,0.9188278,0.6135576,1.4442050,0.9788648,51.82104599873976
MmPV7,1.0137232,0.9840581,0.9860094,1.0052040,1.1049073,1.3463937,0.5250971,1.0194604,1.0371510,1.0243092,1.0980459,0.8762524,0.8956250,0.7949678,1.2267533,1.0717451,38.686231486560615
MmiPV1,1.0048361,1.0219659,1.1537948,0.8414049,1.2156261,1.0740946,0.4570562,1.1905749,1.0483817,1.0327155,1.0288929,0.8980519,0.7939063,0.8935713,1.2009078,1.1262122,43.46002975787908
MmuPV1,0.9739478,1.0458090,1.0903935,0.9029564,1.1857089,1.1087148,0.4879525,1.2113155,1.0364517,1.0081048,1.0819169,0.8764647,0.8395256,0.8563161,1.2431695,1.0497407,46.55126498002663
MnPV1,0.8605494,1.0616849,1.0966263,0.9866066,1.1632914,1.1615321,0.5518495,1.1595404,1.0669376,0.9356546,1.1045911,0.8692297,0.9171865,0.8396672,1.2249194,1.0021524,50.162612202419666
MpPV1,1.0854578,0.9911043,1.0964471,0.8273922,1.1824455,1.2824614,0.3780795,1.1164782,1.0065455,1.0249499,1.1600789,0.8430080,0.7732090,0.7974844,1.1810160,1.2468730,41.38492361632858
MrPV1,0.9693291,0.9461889,0.9821571,1.0845961,1.2703906,1.3085975,0.5405586,0.8863038,0.9629368,1.0657605,1.1774544,0.8440643,0.8788685,0.7916245,1.1829530,1.1192970,42.38997138574738
MsPV1,1.0503192,0.9943083,1.0054012,0.9425698,1.1541498,1.2011345,0.7142478,0.9092828,0.9969347,1.1257906,1.0535452,0.8754040,0.8382022,0.7704010,1.1514748,1.2234593,40.911025968497235
MscPV1,0.9091169,1.0026161,1.1656611,0.9103125,1.3191152,1.1798261,0.4039622,1.1536541,1.0070427,1.0451720,1.1025247,0.8349341,0.7897689,0.7779338,1.2644435,1.1398576,49.7313589306775
MscPV2,0.8812561,0.9820697,1.2234893,0.9370175,1.3024014,1.0569303,0.3683266,1.2140309,1.0788951,1.0541762,1.1038039,0.7580754,0.8002932,0.9192662,1.1799609,1.1279561,45.82392776523702
OaPV1,1.0441028,0.9465299,1.1512076,0.8592647,1.1489059,1.0335244,0.4796706,1.2858530,0.9522573,1.2041216,1.0262638,0.8579760,0.8732649,0.8445411,1.2479651,1.0395580,45.7028733410643
OaPV2,1.0656850,0.9976478,1.1161925,0.8223054,1.1115442,1.0397985,0.4863456,1.3283408,0.9641593,1.2194578,1.0274053,0.8257169,0.8690886,0.7638520,1.2896717,1.0701476,46.44238205723124
OaPV3,1.0502574,1.0283883,1.1367389,0.7752239,1.2249920,1.0090901,0.5339982,1.2018687,0.9936929,1.1703044,0.9318170,0.9244704,0.7442149,0.7860323,1.3273873,1.1600209,46.81372549019608
OaPV4,1.0401186,0.9741763,1.1549930,0.8346062,1.1522516,1.0208411,0.4954732,1.2819945,0.9446466,1.2670311,0.9629987,0.8703815,0.8802899,0.7655727,1.2879992,1.0619032,45.784996133023974
OcPV1,1.0675260,0.9670274,1.0551334,0.9005293,1.1999930,1.2030019,0.5615644,1.0175500,0.9948401,1.1123295,1.0785876,0.8470611,0.7735975,0.7766806,1.2073781,1.2372788,44.38863185723728
OjohPV1,1.1024206,1.0362713,1.0264536,0.8302529,1.2821662,1.0361612,0.4541419,1.1914479,0.9689291,1.1128971,0.9909087,0.9535991,0.6915849,0.8186636,1.4164338,1.0811276,45.704334365325074
OvPV1,1.0450634,0.9982205,1.0618283,0.8982794,1.2207277,1.0849387,0.5118405,1.1748593,1.0145552,1.0385478,1.0895922,0.8678143,0.7543466,0.8932982,1.2665398,1.0789206,47.50985309924758
PaPV1,0.8322128,1.1294199,0.9779708,1.0773456,1.0969030,1.1135454,0.6517489,1.1608235,1.0263852,0.9261695,1.1912802,0.8397748,1.0547296,0.8353377,1.1508779,0.9368969,49.50896949063768
PaPV2,0.9444549,1.0448767,1.1114212,0.9134671,1.0666904,1.1165368,0.5740127,1.2360578,1.0995976,0.9779475,1.0413700,0.8759063,0.9059950,0.8755410,1.2096812,1.0048136,47.09955578782336
PcPV1,1.0985287,0.9547298,1.1343447,0.8023378,1.2874089,1.0538737,0.4859861,1.1466554,0.9710275,1.0756492,1.0674003,0.8993323,0.6709204,0.9278441,1.2408509,1.1809671,47.24191803869727
PePV1,0.8699513,1.1455180,0.8365071,1.1670052,1.0034737,1.1620991,0.9051452,0.9442720,0.9889739,0.8690297,1.1469223,0.9816221,1.1392701,0.8367559,1.1035366,0.9010930,49.329134720700985
PhPV1,1.0434026,1.1780689,0.8974534,0.8968133,1.3115138,1.1932605,0.5746343,0.9447985,0.7549711,1.1307982,1.0654604,1.0615482,0.9202594,0.4962359,1.4365516,1.0944819,49.425574425574425
PlPV1,0.9775022,0.9540120,1.1633988,0.9030097,1.2608824,1.1076569,0.5084322,1.1049833,1.0186281,1.0520095,1.0356050,0.9044497,0.7974632,0.9136929,1.1827420,1.1125536,45.899632802937575
PlpPV1,1.1327613,0.9267052,1.1505387,0.7814553,1.2994467,1.1195120,0.4385057,1.0870145,0.9697398,1.1036549,1.0486441,0.9076160,0.6498589,0.8897740,1.2399550,1.2465764,44.84758731334074
PmPV1,0.8360452,0.9886495,1.0789715,1.1094994,1.2347690,1.2338615,0.5283789,1.0493823,1.0468168,0.8575996,1.1678947,0.8903780,0.8923299,0.9441994,1.1920590,0.9531946,50.700934579439256
PpPV1,1.0156386,1.1825870,0.9079244,0.9354849,1.2937324,1.1493046,0.4900388,0.9411945,0.7347020,1.1422487,1.1462666,1.0976076,0.9854827,0.6266864,1.3021048,1.0369589,37.95241710959251
PphPV1,1.0450644,0.9917618,1.0541984,0.9052357,1.2745010,1.2031956,0.3937647,1.1293845,0.9660219,1.0562160,1.1122761,0.8756766,0.7431039,0.7711757,1.3710711,1.1075675,47.74881516587678
PphPV2,0.9859856,1.0635190,0.9724041,0.9907674,1.3559868,1.1689571,0.4190163,1.0010934,0.9235962,1.0937957,1.1826072,0.8502378,0.8147427,0.7168023,1.3072664,1.1435310,44.034053700065485
PphPV4,0.9811274,1.1014768,1.0132632,0.9330470,1.2923381,1.2965154,0.3901741,0.9961301,0.8917500,1.0338189,1.1432749,0.9647733,0.8966945,0.6364165,1.3163796,1.1077753,43.862275449101794
PpuPV1,1.0625531,0.8936759,1.0757389,0.9410130,1.1988335,1.3382844,0.3596345,1.1045577,1.0201657,1.1115975,1.1910740,0.7271953,0.7694373,0.7708065,1.2134393,1.2303815,43.63967497898571
PsPV1,1.0090021,0.9561778,1.0379923,0.9913741,1.2847323,1.2692726,0.4055584,1.0355985,0.9397537,1.0411705,1.1500910,0.8875322,0.8093571,0.7823517,1.3133884,1.0871075,46.36375174514532
PsuPV1,0.9540443,0.9898616,1.1008056,0.9542698,1.1887178,1.1450394,0.5106705,1.1691083,1.0951215,0.9911650,1.0629121,0.8434852,0.7875600,0.8944383,1.2541557,1.0607389,47.66710353866317
RaPV1,0.8702084,0.9303018,1.1485737,1.0393079,1.3550499,1.1739620,0.4138086,1.1200572,1.0364295,1.0287205,1.0702436,0.8484674,0.7390634,0.8664170,1.3520612,1.0099133,51.06649937264743
RalPV1,1.0753308,1.0040485,1.0515650,0.8671663,1.2613886,1.0628703,0.4363154,1.2417659,0.9946741,1.0267521,1.0840520,0.8980952,0.6992681,0.9144111,1.3537883,1.0288996,48.02590609042222
RfPV1,1.0018567,0.9696014,1.1255056,0.9056650,1.2928018,1.1948906,0.4710650,1.0388545,1.0351106,1.0874336,0.9982773,0.8985744,0.7380101,0.7997876,1.2826425,1.1608938,45.67826403200388
RnPV1,0.9387032,1.0860281,1.0927957,0.9026609,1.2411750,1.0867014,0.5006938,1.1718714,1.0214846,0.9280537,1.1189581,0.9180645,0.8513518,0.9125637,1.1818068,1.0461503,46.57088641908376
RnPV2,0.9156120,1.0519003,1.0577785,0.9744418,1.1358924,1.1642989,0.6443225,1.0802002,1.0504328,0.8799029,1.1556245,0.8879858,0.8927005,0.9033116,1.1327234,1.0756562,50.76385292594511
RnPV3,0.9054742,1.0290662,1.0803123,0.9856676,1.1127800,1.1344719,0.6880372,1.0824965,1.0633441,0.9070520,1.1351848,0.8743488,0.9185583,0.9331074,1.0802028,1.0717198,50.16219021668613
RrPV1,0.9739004,1.0121797,1.1973692,0.8007546,1.2811824,1.0905125,0.5146164,1.1313062,1.0057902,1.0104340,1.0406951,0.9399184,0.7630227,0.8921892,1.1797597,1.1702917,48.62183020948181
RtPV1,1.1311278,0.9993927,1.0097310,0.8553509,1.2706267,1.0341300,0.4969911,1.1447276,0.9271166,1.1212310,1.1048981,0.8847096,0.7122377,0.8639864,1.2964250,1.1404134,45.475896168108775
RtPV2,1.0746474,0.9177687,1.1341252,0.8605697,1.1766859,1.1940003,0.3286489,1.2271691,1.0593045,1.0634584,1.1064612,0.7983563,0.7395262,0.8981833,1.2408992,1.1648577,42.27329021604513
RtiPV1,0.9676150,0.9612138,1.0584088,1.0111451,1.2233630,1.2657353,0.4781225,1.0427482,1.0243821,1.0427140,1.1612753,0.7827570,0.8374620,0.7936608,1.1911519,1.1610672,45.20777048758523
RtiPV2,1.0485591,1.0596714,1.0448166,0.8656923,1.2283635,1.0445214,0.3735816,1.2658758,0.9681329,1.1536199,1.0972209,0.8399163,0.8136837,0.7689411,1.3084124,1.0988545,42.94470171615364
RtriPV1,0.8121859,1.0734013,0.9226460,1.2074207,1.0249930,1.1809799,0.8797066,0.9031737,0.9963779,0.9683217,1.0876693,0.9263936,1.1690899,0.7327218,1.1171217,1.0078764,56.576065953883806
SaPV1,1.0204198,0.9831550,1.1119264,0.8983896,1.1301958,1.0137975,0.2026294,1.4601271,1.1557222,0.8735577,1.0335964,0.8634428,0.7640151,1.1119703,1.3671178,0.9272272,39.45720250521921
ScPV1,0.9124059,0.9465089,1.1517972,0.9844929,1.1780143,1.2328187,0.4195981,1.1952881,0.9899434,0.9552986,1.2218597,0.8230422,0.9303361,0.8812895,1.1653355,1.0138318,49.374303060339486
SfPV1,1.0256147,0.9621786,1.0868514,0.9189711,1.2660244,1.0577946,0.5462736,1.0904463,0.9980919,1.0949120,1.0425623,0.8774063,0.7390950,0.8997926,1.2558138,1.1345262,46.44128113879004
SsPV1,0.9398827,1.0764318,0.9853280,0.9913840,1.2484844,1.1841109,0.5596343,1.0664961,0.9770305,0.9098816,1.1743062,0.9136014,0.8024257,0.8147175,1.3134416,1.0396765,53.829201101928376
SsPV2,1.0266509,0.9682443,1.0721821,0.9302435,1.1309094,1.2537475,0.5361605,1.0772186,1.0450153,0.9023189,1.1374329,0.9047550,0.8073812,0.8997943,1.2089740,1.0988828,47.28644439036262
SscPV1,0.9631412,1.1551820,1.1008550,0.8076572,1.3796797,0.8969291,0.4571327,1.2091844,0.8099147,1.2852370,0.9044623,1.0453168,0.8919834,0.6547848,1.4527434,0.9787967,46.97209057398631
SscPV2,0.9375432,1.1310688,1.1476487,0.7989920,1.3749424,0.8934644,0.4833908,1.2086829,0.8096426,1.3208144,0.8782305,1.0274710,0.9073299,0.6434393,1.4388770,0.9950528,48.00835836489487
SscPV3,0.9176912,1.1378041,1.1692583,0.8003408,1.4008561,0.8608895,0.4707136,1.2062444,0.8291104,1.3329118,0.8456205,1.0365938,0.8928331,0.6509168,1.4453320,0.9959623,47.364300626304804
TbelPV1,0.9665436,1.0050019,1.0734137,0.9548438,1.2064499,1.0600172,0.6353631,1.0985815,1.0954427,1.0527549,1.0539425,0.7984840,0.7505234,0.8877663,1.1987738,1.1622554,48.32658569500675
TbelPV2,0.9704825,0.9965130,1.0041234,1.0318364,1.1607972,1.0844569,0.7547263,1.0462266,0.9944498,1.0050923,1.0441066,0.9406705,0.8513921,0.8984680,1.2243648,0.9890966,54.21206484188148
TbraPV1,0.9523566,0.9807396,1.2050786,0.8864631,1.1662849,1.1939543,0.2991409,1.2893366,1.1141292,0.9633352,1.1025271,0.8108086,0.8263378,0.9072282,1.2133377,1.0728732,43.861350139377045
TePV1,1.0549972,0.9569313,1.1100968,0.8872139,1.1483176,1.1456014,0.4608822,1.1486666,1.0272832,1.0848458,1.0849337,0.8571621,0.8326603,0.8982831,1.1407819,1.1365251,39.002267573696145
TmPV1,0.9103204,1.0637108,1.0057715,1.0376602,1.1275335,1.1932398,0.6473622,1.0185627,1.0156320,0.9659459,1.1836598,0.8493664,0.9774311,0.8072888,1.1173704,1.0775399,45.11784511784512
TmPV2,0.9749773,1.0401455,0.9185735,1.0708502,1.0301055,1.2531983,0.7298534,0.9974596,1.0012067,0.9123167,1.1831086,0.8945401,0.9958095,0.7940730,1.1658011,1.0380504,49.853596435391474
TmPV3,0.9903919,1.0714365,0.9713122,0.9736128,1.0755026,1.2887556,0.6296093,0.9958404,1.0323886,0.8902263,1.1702625,0.9073606,0.9159302,0.7692008,1.2002007,1.1159861,45.10627131986355
TmPV4,0.9117008,1.0685177,0.9666625,1.0629653,1.0887931,1.2667143,0.6939536,0.9498895,1.0158816,0.8741146,1.2051257,0.9013390,0.9940162,0.7984265,1.1240474,1.0771451,48.114785741860764
TtPV1,1.0281716,1.0862311,1.0672496,0.8558449,1.3004175,1.2479708,0.3561083,1.0427097,0.9720237,1.0513673,1.0013883,0.9943405,0.7895575,0.6997741,1.3619798,1.1291257,42.03238966497713
TtPV2,1.0172304,1.0233339,1.0102198,0.9521502,1.2505055,1.1893339,0.4440044,1.0945625,0.8756501,1.1462070,1.0684875,0.9474142,0.8911150,0.6860442,1.3814805,1.0212315,45.982710399186374
TtPV3,1.0215510,1.0280396,1.0786108,0.8893923,1.3344531,1.2169917,0.3593498,1.0545321,0.9421257,1.0884654,1.0337486,0.9650066,0.7822757,0.7379495,1.3609067,1.1016136,44.19456727732154
TtPV4,1.0424883,1.0383547,1.0356576,0.8963008,1.3151016,1.2025565,0.3731982,1.0719081,0.9785442,1.0185201,1.0496448,0.9648710,0.7354692,0.7913875,1.3943562,1.0837933,44.63552361396304
TtPV5,1.0832802,1.0706777,1.0334975,0.8381892,1.3229890,1.1697167,0.3217817,1.0732346,0.9647250,1.0480046,1.1078611,0.9203777,0.7184479,0.7725439,1.3433084,1.1834585,41.64013752705972
TtPV6,1.0451951,1.0404268,1.0591182,0.8758579,1.3398774,1.1202987,0.3552539,1.0770697,0.9213770,1.0628969,1.1393619,0.9271636,0.7787090,0.8224046,1.2713682,1.1390250,42.19126029132362
TtPV7,1.0604281,1.0406417,1.0312666,0.8794385,1.2747861,1.2071281,0.3649421,1.0938241,0.9509081,1.0196911,1.0703989,0.9774333,0.7701206,0.7848989,1.3853703,1.0763570,43.851985095721446
TtPV8,1.0665723,1.0533418,1.0744714,0.8468314,1.2093925,1.1634760,0.3272755,1.1182104,0.9071018,1.1309647,1.0005463,1.0287009,0.8686499,0.7627890,1.2928269,1.0871503,36.49815043156597
TtPV9,1.0704031,1.0160237,1.0399561,0.8830191,1.3157617,1.1888034,0.3058533,1.0651463,0.9382630,1.0349583,1.1377090,0.9376532,0.7589830,0.8297680,1.3164403,1.1309817,40.916109109624294
UmPV1,1.1206336,0.9836216,1.0279421,0.8547264,1.2385559,1.1165549,0.5556543,1.0859922,0.8527247,1.1406724,1.0432484,0.9846667,0.7952327,0.7661767,1.3410021,1.0932143,48.37773674492218
UuPV1,1.1331267,0.9664514,1.1407805,0.7582702,1.2184785,1.0911420,0.4843723,1.1826937,1.0385933,1.0738441,1.0292159,0.8718365,0.6452253,0.8896937,1.2571997,1.2161013,46.63282990839317
VvPV1,1.0287144,0.9844063,1.1688630,0.8361141,1.1469893,1.1460942,0.3930995,1.2433351,1.0546860,1.1239735,1.0879571,0.7750306,0.8148846,0.8059563,1.1849641,1.1909200,42.851443011038704
ZcPV1,0.9868996,1.0175509,0.9536406,1.0533468,1.1494556,1.0986367,0.8145305,0.9659617,0.9515308,1.0069999,1.1155961,0.8740173,0.8629460,0.8270066,1.1540642,1.1768553,58.53111814345991
