virus,G,P,A,V,L,I,M,C,F,Y,W,H,K,R,Q,N,E,D,S,T
TbelPV1,6.52275926794932,6.241201313937119,6.053496011262318,6.8981698732989205,9.385265133740027,4.598779915532614,1.5485687470671048,2.346316283435007,4.786485218207415,3.5194744251525107,1.313937118723604,1.8301267010793054,4.270295635851713,6.288127639605818,3.7541060534960113,4.880337869544815,6.52275926794932,6.56968559361802,6.335053965274519,6.335053965274519
HPV204,5.419664268585132,5.371702637889688,5.515587529976019,6.18705035971223,9.160671462829736,5.899280575539569,1.486810551558753,1.9184652278177456,5.275779376498801,3.261390887290168,1.2949640287769784,2.014388489208633,5.083932853717026,5.563549160671463,4.988009592326139,5.083932853717026,5.947242206235012,6.18705035971223,7.865707434052757,6.474820143884892
HPV1,5.3314121037463975,5.139289145052834,5.9077809798270895,6.484149855907781,9.894332372718539,5.139289145052834,1.633045148895293,2.0172910662824206,4.514889529298751,3.314121037463977,1.344860710854947,1.6810758885686838,4.5629202689721415,5.9077809798270895,4.99519692603266,4.370797310278578,6.820365033621517,5.9077809798270895,8.357348703170029,6.676272814601345
HPV63,5.076628352490421,5.555555555555555,6.082375478927203,6.8486590038314175,8.764367816091955,5.795019157088123,1.8678160919540232,2.10727969348659,4.166666666666666,3.7356321839080464,1.3409961685823755,1.9636015325670497,4.549808429118774,5.986590038314176,4.693486590038314,4.789272030651341,5.986590038314176,6.704980842911877,7.950191570881227,6.0344827586206895
CcanPV1,7.163323782234957,5.635148042024833,5.969436485195797,6.829035339063992,8.930276981852913,5.014326647564469,1.6714422158548232,2.1012416427889207,5.014326647564469,3.4861509073543453,1.241642788920726,2.292263610315186,4.393505253104107,6.160458452722064,4.680038204393505,3.677172874880611,5.444126074498568,6.876790830945559,7.4498567335243555,5.969436485195797
OcPV1,6.844106463878327,6.1311787072243344,5.608365019011407,6.653992395437262,8.650190114068442,5.038022813688213,1.7110266159695817,2.138783269961977,4.752851711026616,2.9467680608365017,1.4258555133079849,1.6159695817490494,5.085551330798479,5.465779467680608,4.800380228136882,4.610266159695818,5.94106463878327,6.653992395437262,7.79467680608365,6.1311787072243344
SfPV1,6.707317073170732,6.050656660412758,5.628517823639775,6.425891181988742,9.380863039399625,4.033771106941838,1.594746716697936,2.673545966228893,4.596622889305816,3.5178236397748592,1.2664165103189493,1.9699812382739212,5.018761726078799,5.253283302063791,4.878048780487805,4.080675422138837,6.191369606003752,6.660412757973734,8.161350844277674,5.909943714821764
TePV1,5.630293971101146,5.381165919282512,4.9825610363726955,6.676631788739412,9.118086696562033,5.331340308918784,1.9930244145490783,2.092675635276532,5.281514698555057,3.089187842551071,1.4449427005480817,1.9431988041853512,5.5306427503736915,5.580468360737419,4.285002491280518,4.833084205281515,7.075236671649228,5.4808171400099654,7.872446437468859,6.37767812655705
CPV1,6.289308176100629,6.047411707789066,5.321722302854378,6.095791001451379,9.433962264150944,4.837929366231252,1.4029995162070632,2.467343976777939,4.78955007256894,3.3381712626995643,1.3546202225447508,2.418964683115626,5.805515239477503,5.563618771165941,4.450895016932753,3.6768263183357526,6.337687469762941,6.2409288824383164,8.176100628930817,5.950653120464441
LwiePV1,6.247042120208235,6.341694273544723,6.105063890203502,5.963085660198769,10.12778040700426,4.070042593469001,1.4671083767155704,2.555608140085187,4.73260766682442,3.218173213440606,1.419782300047326,1.419782300047326,5.537150970184572,5.773781353525793,4.448651206814954,3.975390440132513,5.821107430194037,6.436346426881212,7.2408897302413635,7.098911500236631
CcrPV1,5.308880308880308,5.357142857142857,5.6949806949806945,5.936293436293436,9.218146718146718,5.7915057915057915,1.2548262548262548,2.606177606177606,5.115830115830116,3.861003861003861,1.5444015444015444,1.9787644787644787,6.322393822393822,4.874517374517374,3.909266409266409,4.9710424710424705,6.418918918918918,6.032818532818532,7.287644787644787,6.5154440154440145
FcaPV1,6.147144240077444,6.050338818973863,6.9699903194578905,6.679574056147144,9.09970958373669,3.8238141335914815,1.6940948693126814,2.6137463697967087,4.501452081316554,3.1945788964181996,1.5488867376573088,1.3068731848983544,5.324298160696999,6.389157792836399,5.033881897386254,3.146176185866408,6.292352371732816,6.195546950629235,7.357212003872217,6.631171345595353
PlpPV1,6.1352657004830915,5.990338164251208,6.280193236714976,7.053140096618357,9.516908212560386,3.864734299516908,1.497584541062802,2.608695652173913,5.024154589371981,2.898550724637681,1.497584541062802,1.5458937198067633,5.555555555555555,6.1352657004830915,5.217391304347826,3.816425120772947,6.42512077294686,5.797101449275362,7.294685990338164,5.845410628019324
UuPV1,6.286266924564797,6.09284332688588,6.286266924564797,6.963249516441006,9.864603481624759,3.67504835589942,1.402321083172147,2.5145067698259185,4.835589941972921,2.9497098646034816,1.4990328820116054,1.5957446808510638,5.319148936170213,6.334622823984526,4.835589941972921,3.481624758220503,6.334622823984526,5.996131528046422,7.7369439071566735,5.996131528046422
LrPV1,6.243949661181026,6.050338818973863,5.953533397870281,7.308809293320426,9.583736689254598,3.6786060019361084,1.6456921587608906,2.5653436592449177,4.404646660212972,3.0977734753146176,1.5004840271055178,1.5972894482090998,4.888673765730881,6.9215876089060995,4.985479186834462,3.581800580832527,6.098741529525654,6.340755082284607,7.260406582768635,6.292352371732816
PcPV1,6.367583212735166,5.981669078630005,6.464061746261457,6.801736613603474,9.55137481910275,4.003859141341052,1.3989387361312107,2.7013989387361312,4.582730342498794,2.9908345393150024,1.4954172696575012,1.5918958031837915,5.016883743367101,6.849975880366618,4.630969609261939,3.4732272069464547,6.560540279787746,5.981669078630005,7.477086348287506,6.078147612156296
CPV6,5.268245529241179,5.8482358627356215,5.219913001449976,5.944900918318028,9.521507974867086,5.123247945867569,1.11164813919768,2.22329627839536,5.171580473658772,3.7699371677138718,1.4983083615273078,1.4983083615273078,6.041565973900434,5.8482358627356215,4.833252779120348,3.673272112131464,6.573223779603674,6.6698888351860806,7.7815369743837595,6.379893668438859
AmPV4,5.8794946550048595,5.1020408163265305,5.636540330417882,5.830903790087463,9.475218658892128,5.150631681243926,1.4091350826044704,2.478134110787172,5.442176870748299,3.3527696793002915,1.5063168124392614,1.84645286686103,6.899902818270165,5.587949465500486,4.13022351797862,4.518950437317784,6.41399416909621,5.830903790087463,7.482993197278912,6.025267249757046
LwPV1,6.170513424399434,6.358926048045219,5.558172397550636,6.170513424399434,9.561940650023551,4.851625058878946,1.460197833254828,2.166745171926519,5.228450306170513,3.579839849269901,1.3659915214319358,2.025435704192181,5.5110692416391895,6.170513424399434,4.097974564295808,4.1921808761187,6.500235515779557,6.076307112576543,7.489401789919925,5.463966085727743
ElPV1,5.865384615384615,5.961538461538462,5.721153846153846,6.826923076923077,9.086538461538462,4.1826923076923075,1.3942307692307694,2.403846153846154,5.096153846153846,3.173076923076923,1.3942307692307694,2.1153846153846154,5.5769230769230775,5.721153846153846,4.663461538461538,4.326923076923077,6.009615384615385,6.201923076923077,8.028846153846155,6.25
PlPV1,6.440677966101695,6.343825665859564,5.956416464891041,6.973365617433414,8.716707021791766,4.745762711864407,1.4043583535108959,2.5181598062953996,4.842615012106537,3.099273607748184,1.3559322033898304,1.8401937046004841,4.891041162227603,6.682808716707021,3.87409200968523,3.777239709443099,7.021791767554479,6.4891041162227605,7.602905569007263,5.423728813559322
MscPV2,6.186046511627907,5.674418604651163,6.976744186046512,6.279069767441861,8.930232558139535,4.883720930232558,1.8604651162790697,2.0930232558139537,4.4186046511627906,3.1162790697674416,1.2093023255813953,2.372093023255814,5.2558139534883725,6.930232558139535,4.0,3.6744186046511627,6.558139534883721,5.72093023255814,6.6976744186046515,7.162790697674419
RfPV1,6.296992481203008,6.109022556390977,6.109022556390977,7.18984962406015,8.31766917293233,4.511278195488721,2.020676691729323,2.161654135338346,5.0281954887218046,3.101503759398496,1.3157894736842104,2.2086466165413534,4.55827067669173,6.343984962406016,4.370300751879699,3.9943609022556394,6.672932330827068,6.390977443609022,7.142857142857142,6.156015037593985
EsPV1,6.523765144454799,5.778191985088537,5.778191985088537,6.756756756756757,8.667287977632805,5.358807082945014,1.863932898415657,1.8173345759552657,5.312208760484623,3.0288909599254428,1.30475302889096,1.7707362534948743,4.986020503261883,6.290773532152842,4.3336439888164024,3.960857409133271,6.430568499534017,6.756756756756757,7.315936626281454,5.964585274930102
EsPV3,6.101537028411737,5.496040987424313,6.2878435025617145,6.660456450861667,8.663251047973917,5.542617605961808,1.9562179785747555,1.9096413600372613,5.263157894736842,2.887750349324639,1.3507219375873312,2.1425244527247322,4.843968327899394,6.474149976711691,3.959012575687005,4.2384722869119695,6.613879832324174,6.80018630647415,7.2193758733115985,5.589194224499301
EhPV1,6.510538641686183,5.901639344262295,5.85480093676815,6.744730679156909,8.243559718969555,4.918032786885246,1.6861826697892273,1.920374707259953,4.730679156908665,3.5597189695550355,1.3114754098360655,2.1545667447306793,4.964871194379391,6.0889929742388755,4.449648711943794,3.840749414519906,7.072599531615925,6.323185011709602,6.229508196721312,7.494145199063232
TbraPV1,6.678460858027421,6.59000442282176,5.926581158779301,6.059265811587793,8.226448474126492,5.484298982750995,1.592215833701902,2.1671826625387,4.599734630694384,3.051747014595312,1.3268465280849182,1.7249004865103934,4.909332153914197,6.059265811587793,3.847854931446263,4.37859354268023,7.253427686864219,5.705440070765149,7.607253427686864,6.811145510835913
TbraPV2,6.4486411791801,6.310456011054813,6.58682634730539,5.9880239520958085,8.429295255642561,5.020727775218793,1.5660985720865959,2.3030861354214647,4.514048825426071,4.514048825426071,1.105481345002303,1.7503454629203132,5.389221556886228,5.89590050667895,4.053431598341778,4.882542607093505,6.402579456471671,6.678949792722248,6.310456011054813,5.849838783970521
TbraPV3,6.798739306618639,6.3034669067987394,6.3034669067987394,6.1683926159387665,8.239531742458352,5.177847816298964,1.6208914903196758,2.25123818099955,4.8626744709590275,3.1067086897793788,1.35074290859973,1.7109410175596578,4.727600180099055,5.988293561458803,4.097253489419181,4.5024763619991,6.933813597478614,5.808194506978839,7.24898694281855,6.798739306618639
EdPV1,6.666666666666667,6.004728132387707,6.052009456264775,6.619385342789598,8.699763593380615,4.869976359338062,1.7966903073286054,2.553191489361702,4.302600472813238,3.6406619385342784,1.2293144208037825,2.316784869976359,4.349881796690307,6.430260047281323,4.491725768321513,3.546099290780142,6.193853427895981,6.4775413711583925,6.761229314420804,6.997635933806147
HPV41,6.605080831408776,5.58891454965358,5.912240184757506,6.189376443418014,8.637413394919168,5.496535796766744,1.8013856812933025,1.9399538106235565,4.480369515011548,3.648960739030023,1.1085450346420322,2.2632794457274827,4.018475750577368,6.466512702078522,4.341801385681293,4.295612009237875,6.605080831408776,6.651270207852194,7.436489607390301,6.51270207852194
