"","aaa","aac","aag","aat","aca","acc","acg","act","aga","agc","agg","agt","ata","atc","atg","att","caa","cac","cag","cat","cca","ccc","ccg","cct","cga","cgc","cgg","cgt","cta","ctc","ctg","ctt","gaa","gac","gag","gat","gca","gcc","gcg","gct","gga","ggc","ggg","ggt","gta","gtc","gtg","gtt","taa","tac","tag","tat","tca","tcc","tcg","tct","tga","tgc","tgg","tgt","tta","ttc","ttg","ttt","virus"
"TbelPV1",1.03296703296703,0.846153846153846,0.967032967032967,1.15384615384615,1.51111111111111,0.859259259259259,0.562962962962963,1.06666666666667,1.34328358208955,1.51111111111111,1.88059701492537,1.06666666666667,1.07142857142857,0.642857142857143,1,1.28571428571429,0.5,0.923076923076923,1.5,1.07692307692308,1.11278195488722,1.02255639097744,0.511278195488722,1.35338345864662,0.537313432835821,0.940298507462687,0.850746268656717,0.447761194029851,0.84,0.78,1.5,1.35,0.848920863309352,1,1.15107913669065,1,1.51937984496124,0.868217054263566,0.62015503875969,0.992248062015504,0.60431654676259,1.06474820143885,1.20863309352518,1.12230215827338,0.761904761904762,0.870748299319728,1.25170068027211,1.1156462585034,NA,0.746666666666667,NA,1.25333333333333,0.666666666666667,0.8,0.488888888888889,1.46666666666667,NA,1.08,1,0.92,0.45,0.764705882352941,1.08,1.23529411764706,"TbelPV1"
"HPV204",1.41509433962264,0.415094339622642,0.584905660377358,1.58490566037736,1.80740740740741,0.503703703703704,0.118518518518519,1.57037037037037,3.41379310344828,0.731707317073171,1.08620689655172,2.04878048780488,1.26829268292683,0.292682926829268,1,1.4390243902439,1.36538461538462,0.523809523809524,0.634615384615385,1.47619047619048,1.17857142857143,0.464285714285714,0.107142857142857,2.25,0.672413793103448,0.206896551724138,0.206896551724138,0.413793103448276,0.659685863874346,0.0942408376963351,0.43979057591623,0.942408376963351,1.45161290322581,0.465116279069767,0.548387096774194,1.53488372093023,1.77391304347826,0.417391304347826,0.208695652173913,1.6,1.41592920353982,0.460176991150442,0.566371681415929,1.55752212389381,1.45736434108527,0.0930232558139535,1.05426356589147,1.3953488372093,NA,0.382352941176471,NA,1.61764705882353,1.13414634146341,0.329268292682927,0.219512195121951,1.53658536585366,NA,0.45,1,1.55,2.60732984293194,0.236363636363636,1.2565445026178,1.76363636363636,"HPV204"
"HPV1",1.30526315789474,0.527472527472527,0.694736842105263,1.47252747252747,2.01438848920863,0.633093525179856,0.143884892086331,1.20863309352518,2.97560975609756,0.931034482758621,1.1219512195122,1.41379310344828,0.981308411214953,0.336448598130841,1,1.68224299065421,1.13461538461538,0.571428571428572,0.865384615384615,1.42857142857143,1.68224299065421,0.710280373831776,0.0747663551401869,1.53271028037383,0.390243902439024,0.536585365853658,0.195121951219512,0.780487804878049,0.640776699029126,0.262135922330097,0.611650485436893,1.07766990291262,1.16901408450704,0.682926829268293,0.830985915492958,1.31707317073171,1.49593495934959,0.520325203252033,0.292682926829268,1.69105691056911,1.00900900900901,1.00900900900901,0.792792792792793,1.18918918918919,0.888888888888889,0.533333333333333,1.03703703703704,1.54074074074074,NA,0.405797101449275,NA,1.59420289855072,1.13793103448276,0.551724137931034,0.206896551724138,1.75862068965517,NA,0.571428571428571,1,1.42857142857143,2.15533980582524,0.340425531914894,1.25242718446602,1.65957446808511,"HPV1"
"HPV63",1.43157894736842,0.34,0.568421052631579,1.66,1.71428571428571,0.603174603174603,0.158730158730159,1.52380952380952,2.112,0.614457831325301,1.248,1.98795180722892,1.1900826446281,0.446280991735537,1,1.36363636363636,1.28571428571429,0.439024390243902,0.714285714285714,1.5609756097561,1.55172413793103,0.448275862068966,0.206896551724138,1.79310344827586,0.816,0.624,0.288,0.912,0.655737704918033,0.295081967213115,0.852459016393443,0.983606557377049,1.264,0.542857142857143,0.736,1.45714285714286,1.7007874015748,0.47244094488189,0.125984251968504,1.7007874015748,0.981132075471698,0.679245283018868,0.415094339622642,1.92452830188679,1.23076923076923,0.27972027972028,1.06293706293706,1.42657342657343,NA,0.307692307692308,NA,1.69230769230769,0.975903614457831,0.506024096385542,0.180722891566265,1.73493975903614,NA,0.727272727272727,1,1.27272727272727,2.0655737704918,0.436781609195402,1.14754098360656,1.5632183908046,"HPV63"
"CcanPV1",1.15217391304348,0.597402597402597,0.847826086956522,1.4025974025974,1.536,0.32,0.16,1.984,2.27906976744186,1.26923076923077,1.02325581395349,1.42307692307692,1.14285714285714,0.6,1,1.25714285714286,0.795918367346939,0.583333333333333,1.20408163265306,1.41666666666667,1.69491525423729,0.508474576271187,0.305084745762712,1.49152542372881,0.883720930232558,0.976744186046512,0.372093023255814,0.465116279069767,1.31550802139037,0.481283422459893,1.09090909090909,1.12299465240642,0.87719298245614,0.944444444444444,1.12280701754386,1.05555555555556,1.664,0.64,0.384,1.312,1.33333333333333,0.746666666666667,0.933333333333333,0.986666666666667,0.783216783216783,0.811188811188811,1.23076923076923,1.17482517482518,NA,0.73972602739726,NA,1.26027397260274,0.730769230769231,0.461538461538462,0.230769230769231,1.88461538461538,NA,0.909090909090909,1,1.09090909090909,1.05882352941176,0.571428571428572,0.93048128342246,1.42857142857143,"CcanPV1"
"OcPV1",1.21495327102804,0.680412371134021,0.785046728971963,1.31958762886598,1.67441860465116,0.837209302325581,0.217054263565891,1.27131782945736,2.4,1.35365853658537,1.09565217391304,1.64634146341463,1.18867924528302,0.481132075471698,1,1.33018867924528,1.00990099009901,0.882352941176471,0.99009900990099,1.11764705882353,1.30232558139535,1.02325581395349,0.372093023255814,1.30232558139535,0.469565217391304,1.04347826086957,0.417391304347826,0.573913043478261,0.725274725274725,0.263736263736264,0.989010989010989,1.05494505494505,1.184,0.928571428571429,0.816,1.07142857142857,1.22033898305085,0.610169491525424,0.508474576271186,1.66101694915254,1.05555555555556,0.75,0.972222222222222,1.22222222222222,1.28571428571429,0.485714285714286,1.25714285714286,0.971428571428571,NA,0.419354838709677,NA,1.58064516129032,0.987804878048781,0.658536585365854,0.25609756097561,1.09756097560976,NA,1.15555555555556,1,0.844444444444444,1.21978021978022,0.38,1.74725274725275,1.62,"OcPV1"
"SfPV1",1.00934579439252,1.05747126436782,0.990654205607477,0.942528735632184,2.09523809523809,0.666666666666667,0.380952380952381,0.857142857142857,2.73214285714286,1.48275862068966,1.44642857142857,1.27586206896552,1.22093023255814,0.523255813953488,1,1.25581395348837,0.865384615384615,0.714285714285714,1.13461538461538,1.28571428571429,1.33333333333333,0.775193798449612,0.496124031007752,1.3953488372093,0.375,0.803571428571428,0.321428571428571,0.321428571428571,1.2,0.6,1.29,0.99,1.12121212121212,0.887323943661972,0.878787878787879,1.11267605633803,1.8,0.5,0.5,1.2,1.06293706293706,0.615384615384615,1.34265734265734,0.979020979020979,0.700729927007299,0.992700729927007,1.34306569343066,0.963503649635037,NA,0.666666666666667,NA,1.33333333333333,1.10344827586207,0.724137931034483,0.275862068965517,1.13793103448276,NA,1.01754385964912,1,0.982456140350877,1.02,0.755102040816327,0.9,1.24489795918367,"SfPV1"
"TePV1",1.2972972972973,0.515463917525773,0.702702702702703,1.48453608247423,1.71875,0.25,0.3125,1.71875,3,0.873417721518987,1.5,1.74683544303797,1.45794392523364,0.196261682242991,1,1.34579439252336,1.23255813953488,0.564102564102564,0.767441860465116,1.43589743589744,1.48148148148148,0.407407407407407,0.259259259259259,1.85185185185185,0.214285714285714,0.375,0.214285714285714,0.696428571428572,0.721311475409836,0.360655737704918,0.688524590163934,1.11475409836066,1.26760563380282,0.436363636363636,0.732394366197183,1.56363636363636,1.8,0.52,0.2,1.48,1.16814159292035,0.460176991150442,0.849557522123894,1.52212389380531,1.40298507462687,0.298507462686567,0.656716417910448,1.64179104477612,NA,0.290322580645161,NA,1.70967741935484,1.06329113924051,0.417721518987342,0.189873417721519,1.70886075949367,NA,0.761904761904762,1,1.23809523809524,1.9016393442623,0.339622641509434,1.21311475409836,1.66037735849057,"TePV1"
"CPV1",1.43333333333333,0.605263157894737,0.566666666666667,1.39473684210526,1.46341463414634,0.552845528455285,0.32520325203252,1.65853658536585,2.81739130434783,1.24260355029586,1.30434782608696,1.42011834319527,1.53,0.3,1,1.17,0.934782608695652,0.72,1.06521739130435,1.28,1.28,0.288,0.32,2.112,0.365217391304348,0.626086956521739,0.469565217391304,0.417391304347826,0.523076923076923,0.338461538461539,1.10769230769231,1.10769230769231,1.14503816793893,0.775193798449612,0.854961832061069,1.22480620155039,2.14545454545455,0.472727272727273,0.218181818181818,1.16363636363636,1.2,0.861538461538461,0.923076923076923,1.01538461538462,1.3015873015873,0.73015873015873,0.984126984126984,0.984126984126984,NA,0.72463768115942,NA,1.27536231884058,0.745562130177515,0.42603550295858,0.284023668639053,1.88165680473373,NA,1.01960784313726,1,0.980392156862745,1.53846153846154,0.181818181818182,1.38461538461538,1.81818181818182,"CPV1"
"LwiePV1",1.21367521367521,0.642857142857143,0.786324786324786,1.35714285714286,1.52,0.96,0.186666666666667,1.33333333333333,1.77049180327869,1.25490196078431,1.91803278688525,1.45098039215686,1.43023255813953,0.27906976744186,1,1.2906976744186,1,0.533333333333333,1,1.46666666666667,1.58208955223881,0.716417910447761,0.17910447761194,1.52238805970149,0.442622950819672,0.639344262295082,0.639344262295082,0.590163934426229,0.785046728971963,0.420560747663551,1.06542056074766,1.09345794392523,0.991869918699187,0.794117647058823,1.00813008130081,1.20588235294118,1.61240310077519,0.682170542635659,0.372093023255814,1.33333333333333,0.818181818181818,0.606060606060606,1.12121212121212,1.45454545454545,1.07936507936508,0.317460317460317,1.33333333333333,1.26984126984127,NA,0.529411764705882,NA,1.47058823529412,0.705882352941176,0.666666666666667,0.196078431372549,1.72549019607843,NA,0.888888888888889,1,1.11111111111111,1.26168224299065,0.56,1.37383177570093,1.44,"LwiePV1"
"CcrPV1",1.48091603053435,0.427184466019417,0.519083969465649,1.57281553398058,1.33333333333333,0.414814814814815,0.355555555555556,1.8962962962963,3.08910891089109,0.71523178807947,1.24752475247525,1.70860927152318,1.25,0.25,1,1.5,1.40740740740741,0.439024390243902,0.592592592592593,1.5609756097561,1.62162162162162,0.288288288288288,0.216216216216216,1.87387387387387,0.534653465346535,0.475247524752475,0.0594059405940594,0.594059405940594,0.659685863874346,0.157068062827225,0.596858638743456,0.848167539267016,1.21804511278195,0.464,0.781954887218045,1.536,1.52542372881356,0.610169491525424,0.135593220338983,1.72881355932203,1.16363636363636,0.654545454545455,0.618181818181818,1.56363636363636,1.20325203252033,0.617886178861789,0.715447154471545,1.46341463414634,NA,0.4,NA,1.6,0.913907284768212,0.516556291390728,0.317880794701987,1.82781456953642,NA,0.740740740740741,1,1.25925925925926,2.32460732984293,0.226415094339623,1.41361256544503,1.77358490566038,"CcrPV1"
"FcaPV1",1.25454545454545,0.707692307692308,0.745454545454545,1.29230769230769,1.4014598540146,0.992700729927007,0.437956204379562,1.16788321167883,1.40909090909091,0.986842105263158,2.22727272727273,1.38157894736842,0.949367088607595,0.341772151898734,1,1.70886075949367,0.942307692307692,0.518518518518518,1.05769230769231,1.48148148148148,1.12,0.864,0.352,1.664,0.409090909090909,0.727272727272727,0.5,0.727272727272727,0.574468085106383,0.51063829787234,1.27659574468085,1.14893617021277,0.861538461538461,0.984375,1.13846153846154,1.015625,1.52777777777778,0.833333333333333,0.277777777777778,1.36111111111111,0.94488188976378,1.03937007874016,1.07086614173228,0.94488188976378,1.04347826086957,0.550724637681159,1.53623188405797,0.869565217391304,NA,0.727272727272727,NA,1.27272727272727,0.631578947368421,0.986842105263158,0.473684210526316,1.53947368421053,NA,1,1,1,0.925531914893617,0.602150537634409,1.56382978723404,1.39784946236559,"FcaPV1"
"PlpPV1",1.44347826086957,0.886075949367089,0.556521739130435,1.11392405063291,1.81818181818182,0.727272727272727,0.231404958677686,1.22314049586777,1.51181102362205,1.07284768211921,2.07874015748032,1.27152317880795,0.7875,0.6375,1,1.575,1,0.875,1,1.125,0.903225806451613,0.838709677419355,0.290322580645161,1.96774193548387,0.566929133858268,0.755905511811024,0.661417322834646,0.425196850393701,0.304568527918782,0.639593908629442,1.00507614213198,1.15736040609137,1.03759398496241,0.933333333333333,0.962406015037594,1.06666666666667,1.53846153846154,0.738461538461539,0.338461538461538,1.38461538461538,1.29133858267717,0.94488188976378,1.03937007874016,0.724409448818898,0.602739726027397,0.63013698630137,1.64383561643836,1.12328767123288,NA,0.733333333333333,NA,1.26666666666667,1.43046357615894,0.516556291390728,0.23841059602649,1.47019867549669,NA,0.962962962962963,1,1.03703703703704,1.34010152284264,0.307692307692308,1.55329949238579,1.69230769230769,"PlpPV1"
"UuPV1",1.38181818181818,1.08333333333333,0.618181818181818,0.916666666666667,1.2258064516129,0.967741935483871,0.419354838709677,1.38709677419355,1.87786259541985,1.2,1.64885496183206,1.275,0.710526315789474,0.789473684210526,1,1.5,0.96,0.96969696969697,1.04,1.03030303030303,1.04761904761905,0.73015873015873,0.253968253968254,1.96825396825397,0.687022900763359,0.778625954198473,0.595419847328244,0.412213740458015,0.352941176470588,0.647058823529412,1.29411764705882,1.05882352941176,0.885496183206107,1,1.11450381679389,1,1.41538461538462,0.584615384615385,0.338461538461538,1.66153846153846,0.923076923076923,1.13846153846154,1.07692307692308,0.861538461538462,0.5,0.777777777777778,1.80555555555556,0.916666666666667,NA,0.786885245901639,NA,1.21311475409836,0.825,0.5625,0.3,1.8375,NA,1.11538461538462,1,0.884615384615385,1,0.46,1.64705882352941,1.54,"UuPV1"
"LrPV1",1.22772277227723,0.972972972972973,0.772277227722772,1.02702702702703,1.29230769230769,1.2,0.553846153846154,0.953846153846154,1.8041958041958,1.16,1.76223776223776,1.24,1.02631578947368,0.75,1,1.22368421052632,0.718446601941748,0.909090909090909,1.28155339805825,1.09090909090909,0.928,1.056,0.384,1.632,0.41958041958042,0.797202797202797,0.713286713286713,0.503496503496504,0.727272727272727,0.696969696969697,1.36363636363636,0.96969696969697,0.904761904761905,0.961832061068702,1.0952380952381,1.0381679389313,1.59349593495935,0.878048780487805,0.32520325203252,1.20325203252033,0.62015503875969,1.14728682170543,1.27131782945736,0.961240310077519,0.556291390728477,0.582781456953642,1.85430463576159,1.00662251655629,NA,0.6875,NA,1.3125,0.68,1.04,0.44,1.44,NA,1.09433962264151,1,0.905660377358491,0.636363636363636,0.593406593406593,1.60606060606061,1.40659340659341,"LrPV1"
"PcPV1",1.32692307692308,0.888888888888889,0.673076923076923,1.11111111111111,1.58730158730159,1.01587301587302,0.444444444444444,0.952380952380952,1.26760563380282,1.27741935483871,2.02816901408451,1.16129032258065,0.939759036144578,0.506024096385542,1,1.55421686746988,0.8125,1.09090909090909,1.1875,0.909090909090909,1.03225806451613,0.935483870967742,0.516129032258065,1.51612903225806,0.380281690140845,0.845070422535211,0.76056338028169,0.71830985915493,0.575757575757576,0.848484848484849,1.33333333333333,1,0.852941176470588,0.951612903225806,1.14705882352941,1.04838709677419,1.61194029850746,0.776119402985075,0.388059701492537,1.22388059701493,0.818181818181818,0.96969696969697,1.12121212121212,1.09090909090909,0.539007092198582,0.765957446808511,1.90070921985816,0.794326241134752,NA,1.03225806451613,NA,0.967741935483871,0.851612903225806,0.503225806451613,0.309677419354839,1.89677419354839,NA,1.21428571428571,1,0.785714285714286,0.757575757575758,0.421052631578947,1.48484848484849,1.57894736842105,"PcPV1"
"CPV6",1.408,0.5,0.592,1.5,1.66666666666667,0.454545454545455,0.212121212121212,1.66666666666667,2.92561983471074,1.3416149068323,1.43801652892562,1.45341614906832,1.21698113207547,0.254716981132076,1,1.52830188679245,1,0.709677419354839,1,1.29032258064516,1.65289256198347,0.462809917355372,0.231404958677686,1.65289256198347,0.297520661157025,0.495867768595041,0.396694214876033,0.446280991735537,0.730964467005076,0.33502538071066,0.822335025380711,1.30964467005076,1.22058823529412,0.797101449275362,0.779411764705882,1.20289855072464,1.44444444444444,0.518518518518518,0.37037037037037,1.66666666666667,1.28440366972477,0.660550458715596,0.660550458715596,1.39449541284404,1.00813008130081,0.455284552845528,1.04065040650406,1.49593495934959,NA,0.487179487179487,NA,1.51282051282051,1.15527950310559,0.335403726708075,0.149068322981366,1.56521739130435,NA,1.04347826086957,1,0.956521739130435,1.6751269035533,0.205607476635514,1.12690355329949,1.79439252336449,"CPV6"
"AmPV4",1.46478873239437,0.473118279569892,0.535211267605634,1.52688172043011,1.51612903225806,0.451612903225806,0.290322580645161,1.74193548387097,2.76521739130435,0.506493506493507,1.30434782608696,1.94805194805195,1.33018867924528,0.169811320754717,1,1.5,1.38823529411765,0.526315789473684,0.611764705882353,1.47368421052632,1.40952380952381,0.266666666666667,0.342857142857143,1.98095238095238,0.573913043478261,0.417391304347826,0.469565217391304,0.469565217391304,0.892307692307692,0.215384615384615,0.461538461538462,1.07692307692308,1.28787878787879,0.516666666666667,0.712121212121212,1.48333333333333,2.13793103448276,0.241379310344828,0.172413793103448,1.44827586206897,1.1900826446281,0.495867768595041,0.991735537190083,1.32231404958678,1.5,0.4,0.7,1.4,NA,0.347826086956522,NA,1.65217391304348,1.16883116883117,0.350649350649351,0.194805194805195,1.83116883116883,NA,0.745098039215686,1,1.25490196078431,2.06153846153846,0.285714285714286,1.29230769230769,1.71428571428571,"AmPV4"
"LwPV1",1.14529914529915,0.696629213483146,0.854700854700855,1.30337078651685,1.55172413793103,0.931034482758621,0.241379310344828,1.27586206896552,2.33587786259542,0.981132075471698,1.41984732824427,1.35849056603774,0.961165048543689,0.553398058252427,1,1.48543689320388,0.919540229885057,0.651162790697674,1.08045977011494,1.34883720930233,0.977777777777778,0.592592592592593,0.385185185185185,2.04444444444444,0.412213740458015,0.732824427480916,0.641221374045802,0.458015267175573,0.827586206896552,0.561576354679803,0.827586206896552,1.33004926108374,1.07246376811594,0.713178294573643,0.927536231884058,1.28682170542636,1.66101694915254,0.644067796610169,0.23728813559322,1.45762711864407,1.00763358778626,0.67175572519084,1.40458015267176,0.916030534351145,0.82442748091603,0.519083969465649,1.16030534351145,1.49618320610687,NA,0.368421052631579,NA,1.63157894736842,1.05660377358491,0.679245283018868,0.264150943396226,1.66037735849057,NA,0.739130434782609,1,1.26086956521739,1.24137931034483,0.630630630630631,1.21182266009852,1.36936936936937,"LwPV1"
"ElPV1",1.32758620689655,0.711111111111111,0.672413793103448,1.28888888888889,1.6,0.861538461538462,0.4,1.13846153846154,1.51260504201681,1.1497005988024,1.71428571428571,1.54491017964072,1.48275862068966,0.137931034482759,1,1.37931034482759,1.05154639175258,0.863636363636364,0.948453608247423,1.13636363636364,0.935483870967742,0.741935483870968,0.225806451612903,2.09677419354839,0.554621848739496,0.65546218487395,0.957983193277311,0.605042016806723,0.761904761904762,0.317460317460317,1.33333333333333,0.793650793650794,1.152,0.775193798449612,0.848,1.22480620155039,1.91596638655462,0.336134453781513,0.302521008403361,1.4453781512605,1.27868852459016,0.688524590163934,1.11475409836066,0.918032786885246,1.07042253521127,0.197183098591549,1.35211267605634,1.38028169014085,NA,0.393939393939394,NA,1.60606060606061,0.970059880239521,0.502994011976048,0.215568862275449,1.61676646706587,NA,0.96,1,1.04,1.3968253968254,0.207547169811321,1.3968253968254,1.79245283018868,"ElPV1"
"PlPV1",1.04950495049505,0.717948717948718,0.950495049504951,1.28205128205128,1.5,0.714285714285714,0.607142857142857,1.17857142857143,1.56521739130435,1.3375796178344,2.21739130434783,1.3375796178344,1.25510204081633,0.336734693877551,1,1.40816326530612,0.775,0.947368421052632,1.225,1.05263157894737,1.2824427480916,0.793893129770992,0.427480916030534,1.49618320610687,0.608695652173913,0.739130434782609,0.260869565217391,0.608695652173913,0.633333333333333,0.533333333333333,1.56666666666667,1.13333333333333,0.717241379310345,0.865671641791045,1.28275862068966,1.13432835820896,2.34146341463415,0.357723577235772,0.357723577235772,0.943089430894309,0.842105263157895,0.81203007518797,1.32330827067669,1.02255639097744,0.833333333333333,0.694444444444445,1.38888888888889,1.08333333333333,NA,0.53125,NA,1.46875,0.878980891719745,0.535031847133758,0.420382165605096,1.49044585987261,NA,1.03846153846154,1,0.961538461538461,1.06666666666667,0.56,1.06666666666667,1.44,"PlPV1"
"MscPV2",1.07964601769911,1.0379746835443,0.920353982300885,0.962025316455696,1.74025974025974,0.649350649350649,0.207792207792208,1.4025974025974,2.49664429530201,1.25,2.29530201342282,1.66666666666667,1.17142857142857,0.514285714285714,1,1.31428571428571,0.813953488372093,0.666666666666667,1.18604651162791,1.33333333333333,1.08196721311475,0.754098360655738,0.39344262295082,1.77049180327869,0.120805369127517,0.281879194630873,0.523489932885906,0.281879194630873,0.84375,0.53125,1.28125,1.28125,0.765957446808511,0.764227642276423,1.23404255319149,1.23577235772358,1.76,0.666666666666667,0.24,1.33333333333333,0.992481203007519,1.02255639097744,1.02255639097744,0.962406015037594,1.06666666666667,0.740740740740741,1.0962962962963,1.0962962962963,NA,0.805970149253731,NA,1.19402985074627,1.5,0.75,0.0833333333333333,0.75,NA,0.977777777777778,1,1.02222222222222,1.125,0.821052631578947,0.9375,1.17894736842105,"MscPV2"
"RfPV1",0.989690721649484,0.564705882352941,1.01030927835052,1.43529411764706,1.46564885496183,0.854961832061069,0.244274809160305,1.43511450381679,1.64444444444444,1.26315789473684,2,1.65789473684211,0.90625,0.40625,1,1.6875,0.946236559139785,0.680851063829787,1.05376344086022,1.31914893617021,0.830769230769231,0.984615384615385,0.461538461538462,1.72307692307692,0.577777777777778,0.533333333333333,0.711111111111111,0.533333333333333,0.474576271186441,0.745762711864407,1.22033898305085,1.22033898305085,0.802816901408451,0.779411764705882,1.19718309859155,1.22058823529412,1.6,0.738461538461539,0.338461538461538,1.32307692307692,0.925373134328358,0.805970149253731,1.25373134328358,1.01492537313433,0.627450980392157,0.339869281045752,2.09150326797386,0.941176470588235,NA,0.818181818181818,NA,1.18181818181818,0.789473684210526,0.947368421052632,0.276315789473684,1.06578947368421,NA,0.869565217391304,1,1.1304347826087,1.11864406779661,0.523364485981308,1.22033898305085,1.47663551401869,"RfPV1"
"EsPV1",1.19626168224299,0.823529411764706,0.803738317757009,1.17647058823529,1.5,0.53125,0.0625,1.90625,2.31111111111111,1.26114649681529,2.75555555555556,1.10828025477707,1.17391304347826,0.495652173913044,1,1.3304347826087,0.752688172043011,0.894736842105263,1.24731182795699,1.10526315789474,1.32258064516129,0.806451612903226,0.258064516129032,1.61290322580645,0.266666666666667,0.311111111111111,0.222222222222222,0.133333333333333,0.548387096774194,0.483870967741935,1.2258064516129,1.61290322580645,0.884057971014493,0.813793103448276,1.11594202898551,1.18620689655172,1.58064516129032,0.548387096774194,0.290322580645161,1.58064516129032,0.771428571428571,0.885714285714286,1.31428571428571,1.02857142857143,0.551724137931034,0.827586206896552,1.40689655172414,1.21379310344828,NA,0.769230769230769,NA,1.23076923076923,0.917197452229299,0.764331210191083,0.0764331210191083,1.87261146496815,NA,1.12820512820513,1,0.871794871794872,0.774193548387097,0.649122807017544,1.35483870967742,1.35087719298246,"EsPV1"
"EsPV3",1,0.769230769230769,1,1.23076923076923,1.5,0.4,0.1,2,2.71942446043166,1.27741935483871,2.33093525179856,1.23870967741935,1.00840336134454,0.529411764705882,1,1.46218487394958,0.894117647058824,0.608695652173913,1.10588235294118,1.39130434782609,1.1864406779661,0.677966101694915,0.271186440677966,1.86440677966102,0.129496402877698,0.215827338129496,0.388489208633094,0.215827338129496,0.354838709677419,0.516129032258065,1.2258064516129,1.16129032258065,0.929577464788732,0.917808219178082,1.07042253521127,1.08219178082192,1.54074074074074,0.474074074074074,0.177777777777778,1.80740740740741,0.702290076335878,0.946564885496183,1.12977099236641,1.22137404580153,0.811188811188811,0.727272727272727,1.2027972027972,1.25874125874126,NA,0.903225806451613,NA,1.09677419354839,1.12258064516129,0.696774193548387,0.0387096774193548,1.6258064516129,NA,0.926829268292683,1,1.07317073170732,1.2258064516129,0.584070796460177,1.51612903225806,1.41592920353982,"EsPV3"
"EhPV1",1.35849056603774,0.609756097560976,0.641509433962264,1.39024390243902,1.775,0.8,0.25,1.175,2.95384615384615,1.08270676691729,0.784615384615385,1.53383458646617,1.6,0.314285714285714,1,1.08571428571429,1.26315789473684,0.695652173913043,0.736842105263158,1.30434782608696,1.33333333333333,0.603174603174603,0.126984126984127,1.93650793650794,0.6,0.6,0.6,0.461538461538462,0.784090909090909,0.375,0.613636363636364,0.920454545454546,1.28476821192053,0.82962962962963,0.71523178807947,1.17037037037037,1.792,0.48,0.32,1.408,1.09352517985612,0.748201438848921,0.690647482014389,1.46762589928058,1.16666666666667,0.361111111111111,1.02777777777778,1.44444444444444,NA,0.5,NA,1.5,1.12781954887218,0.586466165413534,0.180451127819549,1.48872180451128,NA,0.878048780487805,1,1.1219512195122,1.77272727272727,0.495049504950495,1.53409090909091,1.5049504950495,"EhPV1"
"TbraPV1",1.00900900900901,0.666666666666667,0.990990990990991,1.33333333333333,1.22077922077922,0.779220779220779,0.181818181818182,1.81818181818182,2.84671532846715,0.906976744186046,2.23357664233577,1.53488372093023,1.25806451612903,0.314516129032258,1,1.42741935483871,0.96551724137931,0.666666666666667,1.03448275862069,1.33333333333333,0.993288590604027,0.805369127516779,0.214765100671141,1.98657718120805,0.0875912408759124,0.525547445255474,0.0875912408759124,0.218978102189781,0.645161290322581,0.548387096774194,0.935483870967742,1.16129032258065,1.02439024390244,0.775193798449612,0.975609756097561,1.22480620155039,1.25373134328358,0.447761194029851,0.149253731343284,2.14925373134328,1.03311258278146,0.821192052980132,1.03311258278146,1.11258278145695,1.1970802919708,0.554744525547445,1.13868613138686,1.10948905109489,NA,0.782608695652174,NA,1.21739130434783,1.11627906976744,0.732558139534884,0.104651162790698,1.6046511627907,NA,1.02040816326531,1,0.979591836734694,1.70967741935484,0.596153846153846,1,1.40384615384615,"TbraPV1"
"TbraPV2",1.14529914529915,0.69811320754717,0.854700854700855,1.30188679245283,1.54330708661417,0.409448818897638,0.125984251968504,1.92125984251968,3.09375,1.09489051094891,2.015625,1.35766423357664,1.32110091743119,0.330275229357798,1,1.34862385321101,0.909090909090909,0.736842105263158,1.09090909090909,1.26315789473684,1.34306569343066,0.496350364963504,0.175182481751825,1.98540145985401,0.09375,0.421875,0.1875,0.1875,0.655737704918033,0.262295081967213,1.01639344262295,1.40983606557377,1.19424460431655,0.648275862068965,0.805755395683453,1.35172413793103,1.51048951048951,0.503496503496504,0.13986013986014,1.84615384615385,0.8,0.942857142857143,1.37142857142857,0.885714285714286,1.32307692307692,0.430769230769231,0.769230769230769,1.47692307692308,NA,0.551020408163265,NA,1.44897959183673,1.05109489051095,0.437956204379562,0.218978102189781,1.83941605839416,NA,0.72,1,1.28,1.31147540983607,0.428571428571429,1.34426229508197,1.57142857142857,"TbraPV2"
"TbraPV3",0.895238095238095,0.66,1.1047619047619,1.34,1.19205298013245,0.556291390728477,0.132450331125828,2.11920529801325,2.61654135338346,1.00621118012422,2.25563909774436,1.37888198757764,1.12173913043478,0.391304347826087,1,1.48695652173913,0.989010989010989,0.894736842105263,1.01098901098901,1.10526315789474,1.08571428571429,0.971428571428571,0.114285714285714,1.82857142857143,0.270676691729323,0.496240601503759,0.225563909774436,0.135338345864662,0.721311475409836,0.39344262295082,0.852459016393443,1.31147540983607,1.03896103896104,0.728682170542636,0.961038961038961,1.27131782945736,1.2,0.428571428571429,0.285714285714286,2.08571428571429,0.847682119205298,0.874172185430464,1.24503311258278,1.03311258278146,0.963503649635036,0.875912408759124,1.16788321167883,0.992700729927007,NA,0.753623188405797,NA,1.2463768115942,0.857142857142857,0.447204968944099,0.111801242236025,2.19875776397516,NA,0.88,1,1.12,1.34426229508197,0.555555555555556,1.37704918032787,1.44444444444444,"TbraPV3"
"EdPV1",1.39130434782609,0.693333333333333,0.608695652173913,1.30666666666667,1.75675675675676,0.648648648648649,0.297297297297297,1.2972972972973,1.5,1.21678321678322,1.23529411764706,1.17482517482518,1.10679611650485,0.815533980582524,1,1.07766990291262,0.968421052631579,0.816326530612245,1.03157894736842,1.18367346938776,0.94488188976378,0.692913385826772,0.188976377952756,2.17322834645669,0.75,0.75,0.705882352941177,1.05882352941176,1.01086956521739,0.554347826086956,0.880434782608696,0.978260869565217,1.05343511450382,0.759124087591241,0.946564885496183,1.24087591240876,1.40625,0.625,0.625,1.34375,0.879432624113475,0.73758865248227,0.822695035460993,1.56028368794326,1.51428571428571,0.4,1.31428571428571,0.771428571428571,NA,0.597402597402597,NA,1.4025974025974,0.839160839160839,0.629370629370629,0.251748251748252,1.88811188811189,NA,0.740740740740741,1,1.25925925925926,1.30434782608696,0.527472527472527,1.27173913043478,1.47252747252747,"EdPV1"
"HPV41",1.17241379310345,0.795698924731183,0.827586206896552,1.20430107526882,1.47517730496454,0.822695035460993,0.397163120567376,1.30496453900709,0.985714285714286,1.41614906832298,1.62857142857143,1.00621118012422,1.26050420168067,0.302521008403361,1,1.43697478991597,0.702127659574468,0.816326530612245,1.29787234042553,1.18367346938776,1.22314049586777,0.892561983471074,0.297520661157025,1.58677685950413,0.342857142857143,0.857142857142857,1.11428571428571,1.07142857142857,0.898395721925134,0.385026737967914,1.92513368983957,0.834224598930481,0.965034965034965,0.958333333333333,1.03496503496504,1.04166666666667,1.375,0.6875,0.4375,1.5,0.727272727272727,1.11888111888112,1.14685314685315,1.00699300699301,0.895522388059702,0.537313432835821,1.49253731343284,1.07462686567164,NA,0.886075949367089,NA,1.11392405063291,1.11801242236025,1.04347826086957,0.186335403726708,1.22981366459627,NA,0.666666666666667,1,1.33333333333333,0.962566844919786,0.577319587628866,0.994652406417112,1.42268041237113,"HPV41"
